diagnosis_id,patient_id,diagnosis_date,diagnosis_code
1,1,2025-02-11,J20.9
2,2,2025-09-16,L20.9
3,5,2019-10-20,J45.9
4,6,2023-11-11,J30.4
5,7,2019-09-18,J30.4
6,8,2023-05-02,J30.4
7,10,2021-02-09,B34.9
8,11,2025-09-11,J21.9
9,12,2025-03-18,J45.0
10,12,2025-04-17,J30.4
11,14,2025-05-16,J45.9
12,14,2025-11-24,J45.9
13,14,2025-06-27,J45.1
14,14,2025-09-16,J45.0
15,17,2024-12-06,J20.9
16,19,2019-11-05,J21.9
17,20,2025-04-12,J30.4
18,21,2019-06-08,J30.4
19,22,2025-05-29,J45.0
20,22,2025-08-26,J45.9
21,22,2025-09-08,J45.9
22,23,2023-09-02,J06.9
23,24,2021-05-25,B34.9
24,27,2024-03-18,J21.9
25,29,2023-08-27,J30.4
26,30,2023-05-17,J30.4
27,33,2020-04-13,B34.9
28,40,2024-12-14,L20.9
29,41,2025-06-12,L20.9
30,42,2024-07-03,J20.9
31,45,2019-11-04,J06.9
32,48,2021-07-26,J21.9
33,50,2022-07-12,L20.9
34,51,2024-06-08,J20.9
35,52,2020-04-09,J30.4
36,53,2025-06-04,J30.4
37,55,2023-04-18,J06.9
38,56,2022-09-21,J45.9
39,56,2025-03-10,J45.0
40,56,2025-04-13,J45.0
41,56,2023-07-13,J45.1
42,57,2024-12-15,J30.4
43,58,2025-02-26,J45.9
44,60,2025-08-03,J06.9
45,63,2025-01-10,J06.9
46,64,2023-02-26,J06.9
47,65,2023-02-23,J30.4
48,67,2020-04-10,J45.9
49,67,2024-05-01,J45.8 
50,67,2025-12-03,J30.4
51,68,2020-01-25,L20.9
52,69,2025-04-19,J45.1
53,70,2019-01-26,J06.9
54,73,2023-11-01,J30.4
55,76,2024-10-27,J06.9
56,79,2022-05-25,L20.9
57,81,2022-11-07,J21.9
58,84,2025-09-03,J21.9
59,86,2020-02-19,J45.8
60,86,2020-07-22,J45.9
61,87,2023-03-01,B34.9
62,88,2025-09-22,J20.9
63,89,2021-10-10,J20.9
64,90,2024-04-19,J45.9
65,91,2025-03-18,J45.9
66,92,2024-03-18,J21.9
67,93,2019-06-21,J45.1
68,95,2024-01-08,J20.9
69,97,2025-05-12,J20.9
70,98,2024-10-21,J45.1
71,98,2025-03-04,J45.9
72,99,2021-04-03,J06.9
73,100,2022-09-27,J45.1
74,100,2025-06-03,J45.8
75,100,2025-01-12,J45.9
76,100,2023-02-25,J45.0
77,103,2025-04-19,J20.9
78,104,2020-10-16,L20.9
79,105,2019-07-27,J45.1
80,105,2024-11-04,J45.1
81,105,2020-10-09,J30.4
82,106,2022-09-26,J30.4
83,107,2024-09-06,B34.9
84,112,2025-01-15,L20.9
85,114,2019-08-31,J20.9
86,119,2024-01-04,J45.9
87,119,2024-11-08,J45.9
88,119,2025-08-12,J45.0
89,119,2025-11-03,J45.1
90,119,2025-11-17,J30.4
91,121,2024-02-07,J30.4
92,122,2019-10-10,J30.4
93,125,2025-01-01,J06.9
94,126,2022-02-01,J20.9
95,127,2025-03-09,J45.8
96,127,2025-08-09,J45.9
97,127,2025-05-21,J45.9
98,129,2024-04-07,L20.9
99,130,2021-04-06,J06.9
100,134,2022-12-22,J45.1
101,134,2025-01-24,J45.9
102,139,2024-09-20,J45.0
103,141,2023-09-21,J45.1
104,141,2024-09-24,J45.1
105,141,2024-05-30,J45.9
106,142,2025-04-28,J06.9
107,143,2021-10-31,J21.9
108,145,2025-07-05,J21.9
109,147,2024-05-04,J20.9
110,148,2023-10-13,J30.4
111,151,2022-06-04,J20.9
112,152,2025-01-10,J21.9
113,154,2019-12-15,B34.9
114,155,2024-09-23,J20.9
115,156,2022-04-22,J45.1
116,156,2024-10-29,J45.1
117,156,2022-10-17,J45.1
118,156,2022-12-18,J45.9
119,156,2025-08-08,J30.4
120,158,2023-08-24,J30.4
121,160,2025-03-03,J45.1
122,160,2025-03-27,J45.0
123,160,2025-10-24,J45.0
124,162,2022-05-10,J06.9
125,163,2020-02-16,J06.9
126,164,2024-10-21,B34.9
127,166,2021-12-09,J45.0
128,166,2024-03-03,J45.8
129,166,2025-06-18,J45.9
130,166,2024-04-07,J45.1
131,168,2023-03-04,J06.9
132,170,2020-09-06,J06.9
133,171,2024-10-13,L20.9
134,172,2021-03-11,J21.9
135,175,2023-05-29,J21.9
136,176,2025-12-04,L20.9
137,177,2022-09-04,J45.0
138,177,2024-09-01,J45.1
139,177,2022-12-13,J45.9
140,178,2020-06-11,J45.0
141,178,2024-12-23,J45.1
142,178,2020-09-06,J45.9
143,178,2025-08-16,J30.4
144,179,2025-04-18,J45.0
145,179,2025-04-27,J45.9
146,179,2025-10-18,J45.8
147,179,2025-12-22,J45.1
148,181,2024-04-07,J45.9
149,181,2025-03-04,J45.0
150,181,2024-09-05,J45.9
151,183,2019-12-30,J45.9
152,183,2023-10-05,J45.1
153,183,2022-12-20,J45.0
154,184,2025-08-30,B34.9
155,186,2024-05-21,J45.0
156,186,2025-03-15,J30.4
157,187,2025-02-19,J30.4
158,190,2023-01-17,J20.9
159,194,2020-10-13,J20.9
160,195,2023-01-16,J21.9
161,197,2021-05-27,J45.9
162,197,2025-03-14,j45.0
163,199,2025-05-25,J06.9
164,201,2025-02-02,J45.9
165,201,2025-07-23,J45.9
166,201,2025-05-26,J45.1
167,201,2025-07-09,J45.1
168,202,2020-11-21,J45.9
169,205,2023-07-11,J45.0
170,206,2025-09-24,B34.9
171,208,2020-03-28,J45.9
172,208,2021-11-28,J45.9
173,208,2025-12-22,J45.0
174,211,2025-05-19,J21.9
175,212,2021-03-16,J45.0
176,212,2021-04-10,J45.9
177,212,2025-01-02,J45.8
178,213,2021-07-01,B34.9
179,217,2020-07-29,J21.9
180,218,2025-08-08,J20.9
181,223,2019-08-20,J06.9
182,224,2022-09-17,J45.9
183,224,2025-11-10,J45.9
184,224,2025-11-09,J45.1
185,225,2022-08-14,B34.9
186,228,2024-10-18,L20.9
187,229,2021-05-23,J21.9
188,230,2019-06-05,J45.0
189,231,2022-12-20,J45.9
190,235,2024-05-19,J45.8
191,235,2025-03-27,J45.8
192,235,2024-08-10,J30.4
193,236,2020-10-14,J06.9
194,237,2023-01-19,J30.4
195,238,2023-10-23,J45.9
196,238,2024-01-10,J45.8
197,238,2024-11-11,J45.9
198,238,2024-06-07,J45.8
199,239,2020-10-22,J21.9
200,240,2025-04-27,J21.9
201,243,2023-11-03,B34.9
202,245,2020-09-25,J30.4
203,248,2024-06-19,J45.8
204,248,2024-09-17,J45.0
205,248,2024-09-08,J30.4
206,249,2023-06-07,J30.4
207,250,2023-07-13,B34.9
208,252,2025-01-03,J20.9
209,254,2024-07-10,J45.9
210,254,2024-08-22,J45.9
211,254,2025-07-25,J45.9
212,255,2020-02-17,J45.1
213,255,2023-01-15,J45.0
214,256,2022-07-17,J30.4
215,259,2022-08-22,L20.9
216,261,2024-04-22,B34.9
217,262,2024-12-14,J45.1
218,263,2020-07-12,J45.1
219,263,2020-07-29,J45.9
220,264,2020-09-15,J20.9
221,265,2020-09-09,J20.9
222,267,2019-05-18,J06.9
223,268,2025-01-15,J30.4
224,269,2022-02-04,B34.9
225,272,2021-02-03,B34.9
226,273,2024-02-03,J20.9
227,277,2024-11-29,J45.9
228,277,2024-12-28,J45.9
229,277,2025-04-14,J45.8
230,278,2025-09-23,J30.4
231,279,2025-03-03,J21.9
232,280,2021-05-29,J45.9
233,281,2023-04-12,J45.0
234,282,2020-06-18,J45.9
235,282,2021-07-28,J45.8
236,283,2024-10-01,L20.9
237,286,2024-12-08,L20.9
238,287,2023-05-05,J20.9
239,288,2025-05-25,J45.9
240,288,2025-06-27,J45.0
241,288,2025-10-10,J30.4
242,290,2023-09-25,J30.4
243,291,2025-07-08,B34.9
244,293,2024-07-03,J30.4
245,294,2023-06-12,L20.9
246,296,2022-10-04,J45.9
247,296,2023-08-07,J45.0
248,296,2023-07-27,J45.0
249,297,2024-07-29,B34.9
250,298,2019-12-26,J20.9
251,300,2022-09-10,J45.8
252,300,2023-11-12,J45.9
253,300,2025-08-28,J30.4
254,301,2022-09-29,L20.9
255,306,2024-11-20,L20.9
256,308,2021-12-18,J45.9
257,308,2022-06-14,J45.1
258,309,2022-03-06,J45.9
259,310,2022-12-10,J30.4
260,312,2023-11-01,J45.9
261,312,2024-10-16,J45.8
262,312,2025-09-09,J30.4
263,314,2025-12-29,L20.9
264,318,2023-10-04,B34.9
265,320,2025-09-11,B34.9
266,321,2022-04-21,L20.9
267,322,2019-12-04,J06.9
268,323,2024-11-30,J20.9
269,324,2020-11-16,J06.9
270,325,2021-12-11,J06.9
271,326,2022-12-21,L20.9
272,329,2022-02-06,J30.4
273,331,2021-10-23,J45.9
274,333,2025-03-21,J20.9
275,334,2025-08-28,J21.9
276,336,2020-06-18,J20.9
277,338,2020-05-09,L20.9
278,339,2024-11-27,J20.9
279,340,2025-07-07,B34.9
280,342,2025-12-12,J21.9
281,344,2024-08-23,J30.4
282,346,2024-04-13,B34.9
283,347,2019-05-12,J21.9
284,351,2023-06-04,J30.4
285,352,2020-10-24,J45.9
286,352,2025-01-01,J45.9
287,352,2023-05-13,J45.8
288,352,2021-08-03,J45.9
289,353,2024-09-29,J06.9
290,354,2024-06-14,B34.9
291,357,2024-06-08,J45.8
292,357,2024-06-29,J45.1
293,357,2025-01-31,J30.4
294,359,2024-01-11,B34.9
295,361,2022-08-29,J20.9
296,363,2024-11-08,L20.9
297,365,2024-03-07,J21.9
298,367,2022-02-20,J30.4
299,371,2021-06-24,J45.9
300,371,2024-08-11,J45.9
301,371,2024-06-04,J45.9
302,377,2023-07-08,J45.0
303,377,2024-07-30,J45.1
304,379,2020-08-10,J30.4
305,381,2021-10-23,J30.4
306,382,2025-12-27,J20.9
307,383,2024-01-18,L20.9
308,384,2025-03-18,J21.9
309,385,2025-08-15,J20.9
310,386,2021-09-27,J06.9
311,387,2023-09-27,J45.9
312,387,2024-06-26,J45.0
313,387,2025-01-19,J45.9
314,387,2024-08-16,J45.1
315,388,2024-12-15,J30.4
316,389,2024-10-11,J45.8
317,389,2025-01-11,J45.9
318,389,2025-08-28,J45.9
319,390,2021-09-03,J20.9
320,392,2019-12-10,L20.9
321,394,2020-04-07,L20.9
322,395,2023-09-26,j45.9
323,395,2024-05-28,J45.1
324,395,2024-10-23,J45.1
325,396,2020-02-16,J06.9
326,397,2023-06-30,J06.9
327,398,2020-06-30,L20.9
328,399,2025-05-25,J45.0
329,399,2025-10-14,J45.9
330,399,2025-11-01,J45 0
331,399,2025-06-16,J45.9
332,399,2025-11-20,J30.4
333,400,2021-07-01,L20.9
334,401,2025-07-15,J21.9
335,404,2022-10-21,J45.9
336,405,2024-07-20,J20.9
337,407,2022-09-08,J20.9
338,410,2025-12-31,J30.4
339,411,2025-09-24,J30.4
340,413,2019-07-15,B34.9
341,414,2023-04-12,B34.9
342,418,2019-03-22,J30.4
343,419,2023-11-04,J45.9
344,419,2025-11-27,J45.9
345,419,2025-11-21,J45.9
346,421,2024-07-08,J45.0 
347,421,2025-11-25,J45.1
348,421,2024-08-25,J30.4
349,422,2025-04-22,J20.9
350,424,2024-08-30,J06.9
351,425,2024-03-11,J06.9
352,426,2020-11-04,J30.4
353,427,2025-04-09,J45.9
354,427,2025-12-31,J45.9
355,427,2025-11-09,J45.1
356,428,2024-09-26,B34.9
357,429,2019-09-03,L20.9
358,431,2024-09-22,J20.9
359,432,2024-11-25,J30.4
360,434,2022-05-30,J45.0
361,435,2020-07-21,B34.9
362,437,2021-01-06,J45.9
363,437,2025-09-01,J30.4
364,438,2020-01-03,J06.9
365,439,2021-11-22,J45.1
366,439,2022-07-27,J45.0
367,439,2023-03-27,J45.9
368,440,2020-08-06,L20.9
369,442,2021-05-21,B34.9
370,447,2019-02-08,J06.9
371,448,2021-04-02,J21.9
372,449,2024-11-12,J21.9
373,450,2024-10-23,J30.4
374,451,2019-12-02,J45.9
375,451,2022-06-13,J45.9
376,451,2024-09-01,J45.9
377,454,2019-10-04,B34.9
378,455,2019-06-30,J20.9
379,456,2021-08-30,B34.9
380,458,2025-08-09,L20.9
381,460,2020-12-14,J45.1
382,460,2021-12-14,J45.0
383,460,2022-06-03,J30.4
384,461,2023-10-26,J21.9
385,462,2020-06-01,B34.9
386,463,2023-05-12,J45.9
387,463,2024-09-29,J45.8
388,463,2024-12-27,J45.1
389,464,2021-12-23,J45.9
390,464,2022-06-09,J45.1
391,467,2025-01-14,J21.9
392,468,2023-08-29,J06.9
393,470,2024-07-14,L20.9
394,471,2023-09-10,J30.4
395,472,2020-11-13,J30.4
396,474,2020-10-08,L20.9
397,475,2020-11-06,L20.9
398,477,2023-11-28,J45.0
399,477,2024-05-11,J45.0
400,477,2023-12-16,J45.9
401,477,2024-04-03,J30.4
402,478,2023-12-24,J45.9
403,478,2024-08-24,J45.0
404,478,2024-01-21,J30.4
405,479,2019-03-03,J30.4
406,480,2020-02-22,J21.9
407,485,2023-12-17,J21.9
408,486,2021-04-16,J45.0
409,487,2019-12-07,J45.9
410,487,2025-12-15,J45.0
411,487,2021-11-25,J45.1
412,487,2025-02-17,J45.1
413,488,2019-06-09,J20.9
414,489,2023-01-20,J21.9
415,490,2025-06-26,J21.9
416,492,2022-09-06,J21.9
417,493,2023-09-04,J21.9
418,495,2020-11-11,J20.9
419,496,2019-01-30,J45.9
420,496,2019-07-20,J45.0
421,496,2024-12-08,J45.9
422,498,2025-11-14,J20.9
423,500,2025-08-05,J20.9
424,502,2022-01-20,J20.9
425,503,2023-04-07,B34.9
426,504,2024-01-28,L20.9
427,505,2024-09-18,L20.9
428,508,2022-03-05,L20.9
429,510,2021-03-12,J45.9
430,513,2025-01-10,J45.0
431,513,2025-01-20,J45.1
432,513,2025-10-11,J45.9
433,514,2025-05-26,B34.9
434,516,2023-01-10,L20.9
435,518,2025-10-08,J06.9
436,519,2023-03-11,J45.9
437,519,2024-01-04,J45.9
438,519,2024-06-15,J45.1
439,519,2024-06-08,J30.4
440,521,2023-02-25,J21.9
441,522,2020-01-05,J21.9
442,525,2020-04-08,L20.9
443,526,2023-06-01,J45.0
444,528,2025-01-04,J30.4
445,529,2020-06-05,L20.9
446,530,2024-05-20,L20.9
447,532,2020-08-21,J30.4
448,534,2025-07-21,J20.9
449,536,2022-07-10,B34.9
450,538,2020-09-29,L20.9
451,539,2021-06-11,J45.9
452,540,2025-07-15,L20.9
453,541,2019-03-06,B34.9
454,542,2023-06-04,J21.9
455,544,2022-07-14,B34.9
456,545,2022-08-31,B34.9
457,546,2021-12-31,J21.9
458,547,2020-08-26,J45.1
459,548,2021-01-12,J21.9
460,552,2025-07-24,J21.9
461,553,2020-07-24,J45.1
462,554,2022-05-11,J30.4
463,555,2023-06-12,J30.4
464,556,2023-05-26,J06.9
465,557,2022-10-06,J45.0
466,558,2023-05-20,J21.9
467,559,2025-10-17,J20.9
468,561,2025-09-11,B34.9
469,562,2024-03-02,L20.9
470,564,2019-08-22,J21.9
471,566,2022-07-23,L20.9
472,568,2024-02-23,J45.9
473,568,2024-11-14,J45.0
474,568,2025-05-06,J30.4
475,569,2023-05-20,J30.4
476,570,2025-08-04,J30.4
477,572,2023-09-14,J45.0
478,572,2024-01-19,J45.1
479,572,2025-12-04,J45.9
480,572,2024-11-09,J45.9
481,573,2019-07-31,J45.9
482,573,2021-01-08,J45.9
483,574,2021-08-27,J30.4
484,576,2019-03-31,J30.4
485,580,2022-02-25,J30.4
486,583,2022-07-28,J21.9
487,585,2022-08-31,B34.9
488,587,2025-11-03,J20.9
489,589,2022-07-31,J06.9
490,590,2021-09-19,J21.9
491,591,2022-12-28,J21.9
492,594,2020-09-08,J30.4
493,595,2024-07-14,B34.9
494,596,2023-02-21,J21.9
495,598,2019-11-12,J45.0
496,598,2019-12-21,J45.9
497,598,2025-03-05,J45.9
498,599,2024-10-22,J21.9
499,601,2022-09-18,J30.4
500,602,2020-03-27,J20.9
501,604,2022-03-06,J45.9
502,604,2025-04-27,J45.0
503,604,2023-09-11,J30.4
504,606,2024-02-04,J30.4
505,607,2025-05-05,L20.9
506,608,2025-05-23,J45.8
507,608,2025-12-21,J30.4
508,609,2024-06-04,J06.9
509,610,2025-01-14,J21.9
510,611,2022-05-25,J20.9
511,612,2024-04-06,L20.9
512,614,2025-10-08,L20.9
513,617,2025-12-08,B34.9
514,619,2025-11-08,B34.9
515,620,2021-04-01,L20.9
516,622,2021-07-11,J21.9
517,624,2021-03-04,L20.9
518,626,2021-01-09,L20.9
519,627,2019-11-11,J20.9
520,628,2025-03-08,L20.9
521,629,2023-03-06,J21.9
522,630,2023-04-22,J45.8
523,630,2024-05-19,J45.1
524,630,2023-12-07,J45.0
525,630,2023-10-27,J45.9
526,631,2021-10-20,B34.9
527,633,2019-08-28,B34.9
528,634,2020-12-15,J06.9
529,635,2019-07-03,B34.9
530,636,2023-08-31,J20.9
531,638,2024-09-12,B34.9
532,639,2021-07-24,B34.9
533,640,2024-02-11,L20.9
534,641,2022-04-10,B34.9
535,642,2024-07-17,J21.9
536,643,2020-11-14,J20.9
537,644,2022-10-11,L20.9
538,646,2024-10-21,B34.9
539,647,2023-06-01,L20.9
540,648,2021-04-27,B34.9
541,650,2024-10-01,J21.9
542,651,2024-04-09,J06.9
543,652,2025-04-03,J45.9
544,652,2025-04-22,J45.1
545,652,2025-08-15,J45.9
546,654,2025-11-16,J30.4
547,656,2022-09-27,L20.9
548,657,2023-08-21,J06.9
549,658,2021-10-09,J45.0
550,658,2023-11-21,J45.9
551,658,2022-07-04,J45.9
552,659,2023-12-17,J30.4
553,660,2023-01-12,J30.4
554,662,2025-05-26,B34.9
555,665,2020-11-30,J45.9
556,665,2021-09-12,J45.9
557,668,2024-11-09,B34.9
558,669,2024-05-01,J20.9
559,670,2023-05-30,J30.4
560,672,2022-08-26,J06.9
561,675,2020-05-04,J20.9
562,678,2021-05-28,J45.9
563,679,2020-01-14,J30.4
564,680,2025-01-23,J30.4
565,681,2021-02-02,J45.8
566,681,2022-11-25,J45.1
567,683,2023-09-21,J30.4
568,684,2020-08-02,L20.9
569,687,2025-04-08,J45.0
570,687,2025-07-08,J45.9
571,687,2025-10-13,J45.1
572,687,2025-12-20,J45.9
573,690,2019-11-24,J06.9
574,691,2023-02-12,J20.9
575,692,2019-05-30,B34.9
576,693,2024-02-20,J21.9
577,694,2024-06-14,L20.9
578,696,2024-08-16,J21.9
579,698,2023-09-20,J21.9
580,699,2025-03-14,L20.9
581,700,2025-09-18,B34.9
582,701,2023-04-02,B34.9
583,702,2023-07-01,B34.9
584,703,2020-12-28,J30.4
585,704,2025-02-16,J45.9
586,704,2025-12-19,J45.9
587,704,2025-09-13,J45.9
588,704,2025-08-01,J45.9
589,704,2025-10-15,J30.4
590,706,2024-04-09,J30.4
591,708,2023-08-19,J21.9
592,710,2024-10-16,J45.1
593,712,2022-02-13,B34.9
594,713,2022-01-16,B34.9
595,715,2025-07-26,B34.9
596,718,2024-01-06,J21.9
597,719,2023-11-05,J21.9
598,720,2022-08-03,B34.9
599,722,2025-04-26,J30.4
600,724,2025-04-08,J30.4
601,725,2023-05-17,J21.9
602,726,2019-10-31,J45.1
603,726,2024-06-20,J45.9
604,726,2021-07-08,J45.9
605,727,2024-09-29,L20.9
606,729,2022-02-08,J30.4
607,731,2021-03-31,B34.9
608,734,2025-04-19,J30.4
609,735,2021-05-11,J20.9
610,737,2019-06-09,J45.0
611,737,2022-09-21,J45.1
612,737,2024-02-02,J45.9
613,738,2025-09-17,J21.9
614,739,2023-08-28,J45.9
615,739,2024-01-12,J45.9
616,741,2019-02-17,B34.9
617,742,2025-02-26,J30.4
618,744,2022-09-14,J45.9
619,745,2019-11-03,L20.9
620,746,2025-08-19,J06.9
621,747,2020-09-13,J45.0
622,748,2020-11-20,J45.9
623,748,2025-05-05,J45.8
624,748,2022-07-09,J45.0
625,748,2024-12-27,J30.4
626,749,2024-07-27,B34.9
627,751,2020-02-09,J45.1
628,751,2020-06-04,J45.9
629,752,2025-11-29,B34.9
630,753,2024-11-16,J06.9
631,754,2020-01-18,J20.9
632,755,2024-09-28,L20.9
633,756,2022-04-30,J06.9
634,757,2021-08-19,L20.9
635,759,2019-08-24,J45.9
636,759,2021-04-20,J45.0
637,760,2020-05-05,J45.9
638,760,2024-12-24,J30.4
639,763,2023-02-10,J45.0
640,763,2023-12-23,J45.9
641,763,2024-02-07,J45.9
642,764,2023-05-12,J30.4
643,765,2024-07-03,J45.0
644,765,2025-07-04,J45.0
645,766,2025-05-05,J06.9
646,767,2024-06-29,J45.9
647,767,2024-12-28,J45.8
648,768,2021-10-05,J45.9
649,769,2024-06-24,J45.0
650,769,2024-12-12,J45.9
651,771,2020-09-17,J45.1
652,771,2025-11-17,J45.0
653,771,2023-04-21,J45.0
654,771,2024-04-28,J45.0
655,772,2019-08-28,J45.9
656,772,2020-12-30,J45.9
657,772,2020-01-19,J45.9
658,772,2024-12-30,J30.4
659,775,2021-02-21,B34.9
660,776,2025-08-10,B34.9
661,778,2019-08-05,J45.1
662,779,2019-03-23,B34.9
663,781,2025-12-22,B34.9
664,782,2021-09-05,J21.9
665,783,2024-11-04,J45.1
666,783,2025-05-17,J45.1
667,783,2025-10-25,J45.9
668,783,2025-10-26,J45.1
669,784,2024-03-02,J21.9
670,785,2024-04-10,J21.9
671,786,2019-01-26,J20.9
672,788,2023-03-25,J21.9
673,789,2022-11-10,J45.9
674,790,2020-11-29,J20.9
675,791,2020-09-03,J30.4
676,793,2020-03-10,J20.9
677,794,2022-10-29,J21.9
678,795,2022-02-23,B34.9
679,799,2023-03-21,J30.4
680,801,2022-08-30,B34.9
681,803,2023-01-15,L20.9
682,804,2021-08-02,L20.9
683,805,2024-04-16,J06.9
684,807,2024-03-14,J30.4
685,809,2021-04-22,J45.0
686,809,2025-06-30,J45.1
687,811,2024-12-11,J21.9
688,815,2024-01-09,J20.9
689,816,2025-03-06,B34.9
690,818,2019-06-25,L20.9
691,819,2024-10-07,J45.9
692,819,2025-09-22,J45.9
693,819,2025-03-27,J45.8
694,820,2022-04-26,J20.9
695,823,2020-01-21,J30.4
696,824,2019-07-10,J45.9
697,824,2025-02-24,J45.0
698,825,2020-11-04,J06.9
699,826,2023-09-26,J20.9
700,827,2022-04-28,B34.9
701,828,2023-09-14,L20.9
702,830,2021-12-11,J30.4
703,831,2025-08-21,J20.9
704,832,2022-02-24,J30.4
705,833,2025-11-29,J21.9
706,834,2022-10-04,B34.9
707,836,2024-07-28,L20.9
708,837,2021-02-12,L20.9
709,838,2023-05-04,L20.9
710,839,2020-03-16,J45.8
711,844,2021-06-30,L20.9
712,845,2023-08-08,J45.1
713,845,2024-03-31,J45.1
714,845,2024-11-30,J45.9
715,846,2020-11-21,J06.9
716,847,2024-04-23,J30.4
717,848,2020-01-13,J45.9
718,848,2022-01-02,J45.1
719,853,2023-03-11,J20.9
720,856,2022-04-19,L20.9
721,857,2022-01-09,J45.0
722,857,2025-07-23,J45.8
723,857,2024-04-14,J30.4
724,858,2023-09-07,J45.9
725,858,2024-11-17,J45.8
726,858,2024-05-25,J45.9
727,858,2024-04-09,J45.0
728,858,2023-10-15,J30.4
729,859,2023-12-13,B34.9
730,860,2022-02-06,B34.9
731,861,2019-09-29,J45.9
732,861,2020-05-19,J45.1
733,861,2024-08-03,J45.0
734,861,2025-01-18,J45.9
735,862,2020-06-30,L20.9
736,863,2020-11-27,J45.9
737,863,2023-08-28,J45.0
738,863,2024-03-26,J45.1
739,864,2019-11-22,J20.9
740,869,2024-12-17,B34.9
741,871,2019-06-16,J06.9
742,872,2025-03-12,L20.9
743,876,2021-02-14,B34.9
744,880,2024-03-13,J20.9
745,884,2022-06-29,B34.9
746,885,2025-08-06,J20.9
747,886,2020-03-01,J45.9
748,886,2021-08-01,J30.4
749,887,2025-06-16,B34.9
750,890,2020-05-19,J45.9
751,892,2024-05-21,J06.9
752,893,2024-07-12,B34.9
753,894,2022-03-04,L20.9
754,895,2021-02-06,J20.9
755,896,2022-10-08,L20.9
756,899,2020-05-07,J45.9
757,899,2025-05-23,J45.9
758,899,2023-01-01,J30.4
759,900,2021-05-06,J06.9
760,902,2025-10-02,J06.9
761,906,2021-01-06,B34.9
762,907,2022-11-28,J45.1
763,907,2023-11-28,J30.4
764,910,2022-12-14,B34.9
765,911,2021-12-06,J06.9
766,912,2019-07-20,L20.9
767,914,2024-12-05,J20.9
768,917,2021-05-26,J20.9
769,919,2022-04-05,B34.9
770,920,2025-07-24,J21.9
771,922,2024-09-24,J06.9
772,924,2019-05-01,J45.9
773,926,2021-11-11,J20.9
774,927,2024-11-09,J30.4
775,928,2025-10-24,J20.9
776,930,2025-03-03,J21.9
777,933,2024-01-07,J21.9
778,936,2023-09-07,J20.9
779,937,2021-10-06,J45.9
780,937,2021-10-12,J45.9
781,937,2024-01-18,J45 9
782,937,2022-06-04,J45.9
783,939,2020-11-03,J30.4
784,940,2022-10-03,J45.9
785,940,2022-11-24,J45.0
786,940,2023-02-15,J45.1
787,940,2024-04-26,J30.4
788,943,2019-11-21,J45.8
789,944,2024-01-25,J06.9
790,949,2024-01-07,J45.9
791,949,2025-02-24,J45.9
792,949,2024-03-21,J45.8
793,950,2019-05-27,J21.9
794,951,2022-04-17,J20.9
795,955,2024-11-14,J30.4
796,957,2025-06-15,J06.9
797,958,2023-05-21,J45.1
798,958,2024-10-03,J45.8
799,958,2024-06-19,J45.9
800,958,2024-12-13,J45.1
801,960,2020-12-11,J45.1
802,960,2025-07-12,J45.1
803,960,2025-01-09,J45.9
804,960,2023-11-20,J45.0
805,965,2020-04-19,J45.9
806,965,2021-01-27,J45.0
807,965,2023-12-07,J45.1
808,965,2020-09-04,J45.8
809,967,2025-05-31,J30.4
810,969,2024-02-01,J30.4
811,970,2025-06-24,J45.9
812,970,2025-12-08,J45.9
813,970,2025-08-10,J45.9
814,970,2025-07-01,J45.1
815,970,2025-11-18,J30.4
816,971,2023-05-12,J30.4
817,977,2021-03-25,J30.4
818,978,2023-05-07,J45.0
819,978,2023-10-02,J45.1
820,978,2025-02-13,J45.0
821,978,2023-10-09,J45.0
822,978,2025-10-10,J30.4
823,979,2025-06-10,J06.9
824,980,2024-11-03,J20.9
825,981,2020-06-11,J20.9
826,983,2025-03-16,J21.9
827,984,2025-04-02,J30.4
828,985,2023-08-08,J45.9
829,985,2023-11-25,J45.1
830,986,2024-02-25,J06.9
831,988,2022-11-04,J21.9
832,989,2022-05-14,J06.9
833,990,2024-02-11,B34.9
834,991,2021-12-25,J30.4
835,992,2025-08-07,J30.4
836,994,2023-06-06,B34.9
837,995,2023-04-14,J20.9
838,996,2022-08-12,J30.4
839,997,2023-10-31,J21.9
840,998,2020-10-10,J21.9
841,999,2025-01-10,B34.9
842,1000,2023-12-09,B34.9
843,1001,2020-01-19,J06.9
844,1002,2024-03-12,J21.9
845,1003,2025-03-10,J21.9
846,1004,2023-06-19,J06.9
847,1005,2021-12-20,B34.9
848,1006,2022-12-27,J45.9
849,1007,2019-01-02,L20.9
850,1009,2024-12-28,J45.1
851,1009,2025-07-29,J45.1
852,1009,2025-01-29,J45.8
853,1011,2023-11-20,J30.4
854,1012,2024-05-10,J45.9
855,1015,2024-09-05,B34.9
856,1018,2024-08-23,L20.9
857,1020,2025-01-31,J06.9
858,1021,2025-04-02,J21.9
859,1022,2019-11-11,J20.9
860,1023,2025-12-17,J21.9
861,1024,2025-02-01,J20.9
862,1025,2023-05-03,B34.9
863,1027,2023-08-23,J45.9
864,1027,2025-05-18,J45.0
865,1029,2020-04-06,J21.9
866,1030,2020-04-24,J20.9
867,1031,2020-01-16,B34.9
868,1033,2025-04-14,L20.9
869,1034,2025-12-31,L20.9
870,1035,2023-05-29,J45.9
871,1035,2023-08-29,J30.4
872,1037,2020-06-02,J45.0
873,1038,2025-03-08,J06.9
874,1039,2025-02-27,J45.9
875,1039,2025-07-12,J45.9
876,1039,2025-09-02,J45.1
877,1039,2025-05-05,J45.0
878,1040,2024-04-09,J06.9
879,1041,2023-09-16,J20.9
880,1042,2023-06-25,J20.9
881,1043,2024-01-25,J45.0
882,1043,2024-12-11,J45.9
883,1043,2025-06-03,J30.4
884,1045,2025-07-02,J20.9
885,1048,2019-07-25,J30.4
886,1049,2020-08-09,J30.4
887,1050,2019-03-20,J06.9
888,1052,2019-09-01,J20.9
889,1054,2025-03-05,J20.9
890,1055,2022-02-10,L20.9
891,1056,2022-08-27,J21.9
892,1058,2025-07-18,J21.9
893,1059,2023-09-06,J30.4
894,1060,2020-06-16,J30.4
895,1064,2023-07-11,J20.9
896,1065,2023-12-28,J20.9
897,1068,2022-09-09,J45.9
898,1068,2024-08-04,J30.4
899,1069,2022-04-21,J45.8
900,1069,2023-08-02,J45.0
901,1070,2020-06-19,B34.9
902,1071,2023-05-03,J30.4
903,1074,2025-04-01,L20.9
904,1075,2019-05-29,J30.4
905,1076,2020-06-14,J06.9
906,1077,2020-09-11,J20.9
907,1078,2021-06-22,J06.9
908,1082,2020-12-26,L20.9
909,1083,2022-10-31,J06.9
910,1084,2020-05-01,J45.1
911,1084,2023-07-16,J45.0
912,1089,2022-02-15,J20.9
913,1093,2020-09-23,B34.9
914,1097,2019-02-27,J30.4
915,1099,2023-08-01,J30.4
916,1105,2019-10-03,L20.9
917,1106,2025-02-19,J30.4
918,1107,2025-12-25,J21.9
919,1111,2019-07-07,J06.9
920,1113,2022-05-04,B34.9
921,1114,2022-12-16,J45.1
922,1114,2025-02-13,J30.4
923,1116,2022-01-09,J30.4
924,1117,2021-09-04,B34.9
925,1120,2025-10-31,L20.9
926,1121,2019-11-20,B34.9
927,1122,2019-12-13,J20.9
928,1123,2021-01-20,J45.1
929,1123,2022-09-28,J30.4
930,1124,2023-02-10,J45.9
931,1125,2024-04-02,J30.4
932,1126,2023-02-25,J06.9
933,1127,2021-08-20,J20.9
934,1130,2023-12-11,J06.9
935,1132,2025-05-17,J20.9
936,1137,2021-12-03,B34.9
937,1138,2024-10-25,J30.4
938,1139,2024-01-10,J30.4
939,1140,2023-12-10,J30.4
940,1141,2022-03-16,J20.9
941,1142,2025-07-04,J21.9
942,1143,2022-10-05,J45.9
943,1143,2022-11-29,J45.9
944,1144,2019-02-04,J20.9
945,1145,2024-08-01,J45.1
946,1145,2025-04-08,J45.9
947,1146,2019-07-06,J45.1
948,1146,2025-06-22,J45.0
949,1147,2022-08-30,J45.9
950,1148,2019-11-01,J06.9
951,1150,2025-09-01,B34.9
952,1155,2022-02-03,J20.9
953,1157,2024-10-09,J45.9
954,1157,2025-03-25,J45.9
955,1157,2024-12-08,J45.9
956,1157,2024-10-25,J45.0
957,1157,2025-05-31,J30.4
958,1158,2024-01-06,L20.9
959,1161,2019-05-24,J20.9
960,1162,2025-06-15,J45.1
961,1162,2025-07-18,J45.9
962,1162,2025-06-26,J45.1
963,1162,2025-08-24,J45.9
964,1164,2020-11-30,J20.9
965,1166,2025-07-29,J30.4
966,1167,2020-11-28,J45.9
967,1169,2024-12-28,J20.9
968,1171,2024-04-30,J06.9
969,1172,2025-06-04,J45.9
970,1172,2025-11-20,J45.0
971,1174,2022-10-25,J45.8
972,1174,2025-10-17,J45 9
973,1177,2024-12-07,J45.1
974,1177,2025-05-24,J45.9
975,1177,2025-04-22,J45.9
976,1177,2025-03-22,J451
977,1179,2023-06-05,J20.9
978,1180,2024-11-19,J20.9
979,1182,2019-01-30,J21.9
980,1185,2020-12-26,B34.9
981,1187,2023-06-18,J45.0
982,1188,2022-12-07,J20.9
983,1191,2022-11-30,J06.9
984,1192,2019-05-23,J21.9
985,1193,2021-09-10,J45.9
986,1193,2022-01-09,J45.9
987,1194,2019-04-13,L20.9
988,1195,2020-09-03,J45.8
989,1195,2024-05-01,J45.0
990,1197,2024-01-24,J45.0
991,1197,2025-02-16,J30.4
992,1199,2022-01-10,J45.9
993,1200,2020-04-03,J30.4
994,1205,2024-05-04,L20.9
995,1206,2021-10-15,J45.9
996,1206,2024-01-18,J45.8
997,1206,2025-02-11,J45.0
998,1206,2024-09-06,J30.4
999,1208,2019-06-16,J20.9
1000,1212,2025-10-18,J20.9
1001,1214,2023-07-19,J06.9
1002,1215,2025-02-26,J20.9
1003,1216,2021-06-16,J45.0
1004,1216,2021-08-03,J45.0
1005,1216,2022-10-25,J30.4
1006,1217,2022-05-13,J30.4
1007,1219,2024-02-23,J21.9
1008,1220,2019-11-10,B34.9
1009,1221,2019-05-30,J30.4
1010,1222,2022-07-06,L20.9
1011,1223,2021-11-01,B34.9
1012,1226,2020-02-07,J20.9
1013,1228,2023-01-19,J30.4
1014,1229,2021-10-13,L20.9
1015,1233,2020-05-03,J20.9
1016,1236,2021-07-17,J20.9
1017,1237,2022-09-01,J45.9
1018,1240,2019-04-07,J20.9
1019,1241,2019-10-19,J30.4
1020,1242,2022-04-21,J20.9
1021,1243,2025-04-06,J30.4
1022,1245,2021-04-13,J20.9
1023,1246,2024-11-05,B34.9
1024,1249,2023-09-07,J21.9
1025,1251,2023-02-26,J45.9
1026,1253,2023-09-29,J06.9
1027,1256,2025-02-15,J20.9
1028,1257,2021-01-26,J30.4
1029,1258,2025-04-24,J45.0
1030,1258,2025-12-17,J45.1
1031,1258,2025-12-05,J30.4
1032,1259,2025-12-28,J21.9
1033,1260,2023-08-18,J20.9
1034,1261,2021-11-27,B34.9
1035,1264,2024-12-02,L20.9
1036,1266,2021-01-16,B34.9
1037,1267,2024-05-26,L20.9
1038,1268,2025-12-17,J30.4
1039,1269,2023-10-06,L20.9
1040,1270,2021-10-26,J06.9
1041,1272,2021-08-18,J06.9
1042,1273,2024-08-24,J45.9
1043,1273,2025-05-20,J45.8
1044,1276,2022-03-23,B34.9
1045,1277,2019-08-04,B34.9
1046,1278,2019-12-12,B34.9
1047,1279,2019-01-24,J21.9
1048,1280,2022-02-24,J30.4
1049,1281,2022-02-26,J06.9
1050,1286,2025-06-28,L20.9
1051,1287,2025-01-04,J45.1
1052,1293,2024-06-01,J21.9
1053,1294,2023-08-08,J45.9
1054,1294,2025-03-18,J45.9
1055,1297,2025-06-05,J30.4
1056,1299,2023-09-28,J45.9
1057,1299,2025-10-22,J30.4
1058,1300,2019-01-09,L20.9
1059,1301,2025-01-25,J20.9
1060,1304,2021-04-13,J45.0
1061,1304,2021-06-16,J45.8
1062,1305,2019-11-05,J30.4
1063,1306,2020-06-30,J20.9
1064,1308,2020-10-26,J21.9
1065,1310,2025-12-26,J21.9
1066,1311,2019-03-08,J06.9
1067,1312,2023-07-10,J30.4
1068,1313,2025-10-13,B34.9
1069,1316,2021-10-27,B34.9
1070,1317,2019-05-01,J20.9
1071,1318,2023-02-20,L20.9
1072,1319,2025-09-09,B34.9
1073,1322,2024-11-25,J30.4
1074,1324,2022-12-03,J45.0
1075,1324,2023-12-05,J45.9
1076,1324,2024-10-16,J30.4
1077,1327,2025-04-05,J45.9
1078,1327,2025-09-28,J45.1
1079,1328,2020-12-30,J20.9
1080,1329,2023-12-27,B34.9
1081,1333,2022-10-18,B34.9
1082,1334,2025-04-29,J45.0
1083,1334,2025-11-19,J45.9
1084,1334,2025-06-08,J45.0
1085,1334,2025-07-18,J45.0
1086,1335,2024-06-13,J30.4
1087,1337,2021-06-04,J30.4
1088,1339,2021-06-05,B34.9
1089,1340,2020-10-09,J21.9
1090,1342,2022-02-13,J21.9
1091,1346,2024-07-08,J45.9
1092,1347,2020-06-12,J06.9
1093,1350,2025-10-23,J30.4
1094,1351,2020-02-15,B34.9
1095,1352,2024-05-16,J45.0
1096,1352,2024-12-17,J45.9
1097,1352,2025-07-04,J45.1
1098,1352,2025-12-11,J30.4
1099,1353,2022-05-01,J30.4
1100,1354,2023-12-18,L20.9
1101,1356,2023-12-20,J20.9
1102,1357,2019-09-17,J21.9
1103,1360,2025-05-26,J45.9
1104,1360,2025-12-26,J45.8
1105,1360,2025-08-05,J45.9
1106,1362,2024-03-20,B34.9
1107,1364,2022-10-31,J45.9
1108,1365,2022-12-30,L20.9
1109,1366,2023-11-01,L20.9
1110,1367,2019-08-24,L20.9
1111,1369,2022-01-01,J06.9
1112,1372,2023-01-25,J30.4
1113,1374,2022-07-03,J45.1
1114,1374,2022-10-01,J45.9
1115,1374,2023-01-03,J45.1
1116,1375,2021-09-29,J45.9
1117,1376,2025-12-10,B34.9
1118,1378,2025-11-13,J21.9
1119,1379,2023-12-29,J30.4
1120,1381,2024-09-24,J06.9
1121,1382,2025-10-04,J20.9
1122,1385,2023-05-25,J20.9
1123,1386,2024-06-17,J30.4
1124,1388,2025-05-15,B34.9
1125,1391,2023-08-15,J30.4
1126,1392,2024-06-21,J45.0
1127,1393,2020-12-18,L20.9
1128,1394,2023-11-08,J30.4
1129,1396,2020-10-24,J45.9
1130,1397,2020-06-10,B34.9
1131,1398,2023-03-27,J30.4
1132,1399,2020-06-08,J45.0
1133,1399,2021-09-01,J45.1
1134,1399,2023-09-26,J45.8
1135,1399,2025-12-23,J30.4
1136,1401,2021-12-12,J20.9
1137,1404,2019-02-03,L20.9
1138,1405,2023-03-12,J45.8
1139,1406,2024-09-23,J20.9
1140,1408,2020-01-26,J30.4
1141,1409,2025-08-01,J06.9
1142,1411,2023-04-01,J20.9
1143,1412,2021-01-30,B34.9
1144,1413,2022-12-31,J45.0
1145,1413,2025-08-26,J45.9
1146,1413,2024-05-10,J45.1
1147,1414,2023-02-28,J45.0
1148,1414,2024-09-04,J45.9
1149,1414,2025-05-14,J45.1
1150,1414,2024-12-09,J45.9
1151,1415,2024-01-21,J45.9
1152,1416,2025-10-03,B34.9
1153,1417,2022-05-04,J30.4
1154,1418,2020-04-23,J45.8
1155,1418,2023-09-06,J45.0
1156,1418,2024-09-28,J45.9
1157,1419,2021-10-08,J45.9
1158,1421,2023-09-05,J30.4
1159,1422,2020-08-14,J20.9
1160,1423,2025-08-20,J20.9
1161,1427,2022-05-20,J45.9
1162,1428,2022-03-05,J45.8
1163,1428,2024-10-15,J45.9
1164,1428,2025-07-10,J45.9
1165,1429,2021-01-24,J30.4
1166,1430,2025-08-03,J20.9
1167,1431,2023-12-29,J45.9
1168,1431,2025-10-12,J30.4
1169,1432,2024-12-31,J45.0
1170,1432,2025-05-25,J45.0
1171,1433,2019-05-02,L20.9
1172,1434,2021-09-11,J20.9
1173,1437,2025-03-25,J45.9
1174,1439,2021-09-12,J06.9
1175,1441,2022-05-19,J30.4
1176,1443,2024-02-22,L20.9
1177,1445,2020-07-29,L20.9
1178,1446,2024-03-15,J45.8
1179,1446,2024-07-15,J45.1
1180,1446,2024-11-16,J45.9
1181,1450,2022-04-26,L20.9
1182,1451,2019-11-05,L20.9
1183,1453,2025-08-17,J21.9
1184,1454,2024-03-12,J45.9
1185,1454,2024-12-28,J45.9
1186,1456,2023-10-19,J30.4
1187,1457,2023-02-05,J21.9
1188,1458,2020-07-19,J45.1
1189,1458,2023-10-16,J45.0
1190,1458,2023-09-24,J45.1
1191,1458,2022-09-11,J45.8
1192,1459,2023-10-30,L20.9
1193,1460,2019-08-01,J30.4
1194,1462,2024-12-24,J21.9
1195,1463,2021-05-20,J30.4
1196,1464,2021-11-03,J45.9
1197,1466,2024-09-09,J45.0
1198,1468,2023-05-14,J30.4
1199,1469,2022-08-07,J20.9
1200,1470,2024-06-30,J06.9
1201,1475,2023-05-17,J06.9
1202,1476,2021-03-03,L20.9
1203,1479,2023-02-02,J06.9
1204,1480,2025-09-07,J20.9
1205,1481,2025-05-31,J21.9
1206,1482,2020-01-01,B34.9
1207,1484,2025-08-22,J06.9
1208,1485,2023-01-31,B34.9
1209,1486,2023-09-20,J21.9
1210,1487,2019-08-03,B34.9
1211,1488,2021-01-06,J45.9
1212,1490,2025-12-08,J06.9
1213,1491,2019-04-28,J21.9
1214,1493,2020-10-12,J06.9
1215,1494,2022-08-23,J45.0
1216,1494,2025-08-28,J45.9
1217,1494,2024-04-10,J30.4
1218,1496,2025-04-27,J45.0
1219,1496,2025-09-17,J45.9
1220,1496,2025-08-30,J45.1
1221,1496,2025-08-23,J45.9
1222,1497,2019-06-21,J20.9
1223,1498,2025-12-16,J21.9
1224,1499,2025-06-28,J45.1
1225,1499,2025-11-27,J45.1
1226,1499,2025-10-10,J45.9
1227,1499,2025-11-01,J45.1
1228,1501,2022-11-23,B34.9
1229,1502,2025-11-05,J20.9
1230,1504,2025-04-21,J20.9
1231,1505,2023-11-18,J45.9
1232,1507,2022-11-02,J20.9
1233,1509,2020-11-14,J30.4
1234,1511,2019-05-14,J21.9
1235,1512,2020-12-10,J06.9
1236,1513,2023-02-21,B34.9
1237,1514,2023-02-28,J45.1
1238,1514,2023-07-08,J45.0
1239,1515,2024-06-01,J45.9
1240,1515,2025-05-14,J45.9
1241,1518,2019-07-14,J45.1
1242,1518,2021-11-02,J45.1
1243,1519,2023-08-11,J06.9
1244,1520,2023-10-06,J30.4
1245,1522,2020-03-27,B34.9
1246,1523,2024-08-03,J20.9
1247,1524,2023-04-13,J45.9
1248,1524,2023-11-23,J45.9
1249,1526,2022-07-06,J30.4
1250,1528,2019-08-25,J30.4
1251,1529,2022-02-24,J30.4
1252,1530,2025-11-27,J30.4
1253,1531,2020-10-22,J06.9
1254,1532,2020-01-24,B34.9
1255,1533,2022-12-14,J30.4
1256,1537,2025-04-16,J45.1
1257,1537,2025-12-29,J45.0
1258,1537,2025-11-17,J45.9
1259,1539,2020-01-20,L20.9
1260,1540,2025-01-29,J20.9
1261,1541,2022-08-10,J45.9
1262,1541,2025-01-04,J45.8
1263,1542,2023-10-31,J45.1
1264,1544,2024-06-26,J45.1
1265,1545,2020-09-01,L20.9
1266,1547,2023-10-05,L20.9
1267,1548,2022-10-24,J45.9
1268,1551,2023-12-09,J20.9
1269,1552,2022-08-27,J20.9
1270,1553,2021-01-10,J06.9
1271,1556,2019-10-20,J21.9
1272,1557,2024-07-17,J30.4
1273,1558,2025-03-18,J20.9
1274,1559,2023-07-09,J45.8
1275,1559,2025-08-12,J45.9
1276,1559,2023-10-24,J30.4
1277,1560,2021-02-13,J45.1
1278,1560,2023-08-12,J45.8
1279,1560,2025-01-09,J45.0
1280,1560,2024-07-24,J45.9
1281,1562,2022-12-07,J45.0
1282,1563,2019-02-25,J20.9
1283,1564,2023-09-23,J20.9
1284,1566,2024-06-17,J21.9
1285,1567,2025-12-09,J20.9
1286,1569,2024-01-22,J45.9
1287,1571,2024-10-06,L20.9
1288,1572,2022-11-21,J21.9
1289,1575,2020-10-05,J20.9
1290,1576,2020-07-25,J20.9
1291,1577,2022-06-12,L20.9
1292,1579,2021-01-22,J45.9
1293,1580,2024-12-12,J06.9
1294,1581,2024-07-13,J06.9
1295,1583,2019-07-03,L20.9
1296,1587,2020-02-05,J21.9
1297,1588,2021-11-16,J45.9
1298,1588,2023-09-07,J45.9
1299,1589,2025-03-29,L20.9
1300,1590,2020-11-05,J21.9
1301,1591,2023-08-05,J21.9
1302,1592,2023-12-11,J45.9
1303,1592,2025-04-10,J45.1
1304,1592,2024-03-01,J45.0
1305,1593,2020-04-27,B34.9
1306,1595,2021-06-17,J20.9
1307,1596,2023-02-19,B34.9
1308,1597,2023-09-12,L20.9
1309,1598,2022-09-24,J21.9
1310,1599,2024-12-13,J45.9
1311,1600,2023-03-28,J21.9
1312,1601,2025-06-03,J21.9
1313,1603,2025-11-14,L20.9
1314,1605,2020-05-26,J20.9
1315,1606,2021-12-12,J06.9
1316,1607,2024-09-27,B34.9
1317,1609,2022-05-21,J30.4
1318,1611,2025-09-25,J20.9
1319,1612,2024-12-06,L20.9
1320,1615,2021-03-05,B34.9
1321,1616,2022-06-22,B34.9
1322,1618,2024-06-29,J21.9
1323,1619,2024-12-18,J45.0
1324,1621,2022-05-17,J20.9
1325,1622,2022-08-18,L20.9
1326,1623,2024-05-26,J30.4
1327,1624,2024-05-16,J20.9
1328,1626,2025-11-15,J20.9
1329,1627,2024-06-15,J45.9
1330,1627,2024-10-10,J30.4
1331,1628,2020-12-04,J30.4
1332,1629,2021-01-09,B34.9
1333,1630,2021-06-10,J21.9
1334,1632,2024-06-13,J21.9
1335,1633,2020-06-14,L20.9
1336,1634,2025-03-13,J30.4
1337,1636,2024-08-09,L20.9
1338,1638,2025-06-17,J30.4
1339,1639,2023-06-16,J45.0
1340,1639,2024-03-16,J45.9
1341,1640,2023-09-13,J45.9
1342,1640,2024-02-07,J45.1
1343,1640,2025-02-02,J45.8
1344,1640,2025-10-15,J30.4
1345,1641,2025-10-27,J06.9
1346,1642,2022-10-28,J30.4
1347,1643,2021-12-21,J45.1
1348,1643,2025-02-01,J45.1
1349,1643,2024-12-13,J45.8
1350,1643,2023-11-18,J45.0
1351,1643,2025-03-20,J30.4
1352,1645,2023-07-02,J30.4
1353,1647,2024-06-20,L20.9
1354,1648,2024-06-26,L20.9
1355,1649,2024-10-11,J06.9
1356,1651,2024-03-07,J45.0
1357,1651,2025-12-26,J45.0
1358,1651,2024-06-05,J30.4
1359,1654,2024-10-17,j45.1
1360,1654,2025-03-20,J45.9
1361,1654,2024-12-12,J45.9
1362,1654,2025-03-24,J459
1363,1655,2023-03-22,L20.9
1364,1658,2020-11-18,J30.4
1365,1659,2020-02-15,J21.9
1366,1664,2025-01-15,J30.4
1367,1665,2024-03-01,J20.9
1368,1666,2025-06-11,J30.4
1369,1667,2021-06-25,J06.9
1370,1669,2022-03-26,J45.0
1371,1669,2024-06-21,J45.0
1372,1669,2023-08-17,J45.9
1373,1669,2024-01-23,J45.0
1374,1669,2022-09-25,J30.4
1375,1670,2022-08-06,J06.9
1376,1675,2025-04-22,J45.9
1377,1675,2025-07-22,J45.9
1378,1677,2019-05-25,J45.9
1379,1677,2023-11-19,J45.9
1380,1679,2023-08-14,J30.4
1381,1680,2020-02-18,J20.9
1382,1682,2025-09-04,J30.4
1383,1685,2025-04-27,B34.9
1384,1687,2022-02-12,J20.9
1385,1688,2023-03-27,J45.0
1386,1689,2023-07-07,J30.4
1387,1691,2021-11-29,J21.9
1388,1692,2020-03-26,B34.9
1389,1694,2019-10-13,B34.9
1390,1695,2020-02-08,J45.9
1391,1695,2024-06-08,J30.4
1392,1697,2024-04-16,J20.9
1393,1698,2023-07-22,J45.9
1394,1700,2021-01-26,L20.9
1395,1701,2021-07-20,J06.9
1396,1704,2024-02-05,J06.9
1397,1705,2025-12-21,J06.9
1398,1707,2023-05-11,J45.0
1399,1709,2020-03-31,J45.9
1400,1709,2021-03-06,J45.9
1401,1709,2025-01-01,J45.0
1402,1709,2025-05-26,J30.4
1403,1710,2021-12-10,B34.9
1404,1711,2021-05-23,J20.9
1405,1712,2024-09-06,J06.9
1406,1713,2024-12-25,J06.9
1407,1715,2024-09-08,J20.9
1408,1718,2020-04-21,J30.4
1409,1721,2025-06-19,J45.0
1410,1721,2025-10-05,J45.0
1411,1721,2025-09-17,J45.1
1412,1724,2019-10-12,J30.4
1413,1726,2025-06-24,J06.9
1414,1727,2024-12-06,J06.9
1415,1728,2025-05-30,J45.0
1416,1728,2025-12-22,J45.0
1417,1728,2025-09-18,J30.4
1418,1729,2024-03-16,J20.9
1419,1730,2020-11-27,J45.8
1420,1730,2022-07-25,J45.0
1421,1732,2023-07-05,J20.9
1422,1734,2022-09-07,J21.9
1423,1735,2024-01-14,J45.9
1424,1735,2024-08-29,J45.0
1425,1735,2024-11-21,J45.9
1426,1740,2021-08-09,L20.9
1427,1741,2025-10-18,J21.9
1428,1744,2024-08-14,J45.1
1429,1745,2025-04-27,J30.4
1430,1746,2023-09-26,L20.9
1431,1749,2019-01-18,L20.9
1432,1750,2025-01-16,B34.9
1433,1751,2024-08-14,J45.0
1434,1751,2025-08-04,J45.9
1435,1751,2025-05-30,J30.4
1436,1752,2024-04-13,J20.9
1437,1754,2019-06-22,J45.9
1438,1754,2020-11-18,J45.9
1439,1754,2025-03-14,J45.0
1440,1754,2024-08-31,J45.1
1441,1756,2023-05-02,J30.4
1442,1757,2025-09-18,J06.9
1443,1758,2024-01-12,B34.9
1444,1759,2023-03-09,J21.9
1445,1760,2024-10-08,J21.9
1446,1761,2023-10-06,J45.9
1447,1761,2025-10-24,J45.1
1448,1764,2025-11-26,J21.9
1449,1767,2025-02-27,J45.9
1450,1767,2025-11-14,J45.0
1451,1768,2024-10-23,J45.1
1452,1768,2024-11-28,J45.9
1453,1768,2025-02-28,J45.1
1454,1771,2022-01-23,B34.9
1455,1775,2024-02-02,L20.9
1456,1778,2020-12-22,J45.9
1457,1778,2024-12-26,J45.9
1458,1778,2023-09-25,J45.0
1459,1778,2023-04-18,J45.9
1460,1778,2022-08-24,J30.4
1461,1779,2024-04-22,L20.9
1462,1780,2025-01-22,J30.4
1463,1784,2024-06-01,J45.1
1464,1786,2020-09-16,L20.9
1465,1788,2025-12-19,J21.9
1466,1789,2020-12-31,B34.9
1467,1790,2020-10-15,J30.4
1468,1791,2021-07-12,J45.9
1469,1792,2023-09-29,L20.9
1470,1794,2022-07-05,J06.9
1471,1795,2023-03-13,J30.4
1472,1797,2021-09-18,J45.0
1473,1797,2022-08-29,J45.9
1474,1797,2023-04-23,J45.9
1475,1797,2023-04-26,J45.0
1476,1798,2023-08-24,J45.0
1477,1800,2024-03-23,B34.9
1478,1801,2020-09-23,J20.9
1479,1802,2019-10-11,J30.4
1480,1803,2019-09-09,J20.9
1481,1805,2024-07-30,J21.9
1482,1806,2025-10-24,L20.9
1483,1807,2024-09-06,B34.9
1484,1808,2019-05-06,J30.4
1485,1811,2024-07-12,J45.0
1486,1811,2024-07-29,J45.0
1487,1811,2025-03-10,J45.1
1488,1811,2025-10-04,J45.1
1489,1812,2022-06-30,J21.9
1490,1813,2020-11-12,J30.4
1491,1815,2022-07-13,L20.9
1492,1816,2020-09-05,J06.9
1493,1817,2019-08-15,B34.9
1494,1818,2021-02-13,J45.1
1495,1818,2022-07-29,J45.9
1496,1818,2025-05-06,J45.9
1497,1818,2022-08-30,J30.4
1498,1820,2022-12-19,J30.4
1499,1821,2023-04-09,J45.9
1500,1822,2025-02-07,J20.9
1501,1823,2021-10-01,L20.9
1502,1824,2022-01-26,J21.9
1503,1826,2023-11-03,J45.1
1504,1826,2025-08-29,J45.0
1505,1826,2025-06-21,J30.4
1506,1828,2025-05-06,L20.9
1507,1829,2025-08-28,J20.9
1508,1830,2019-05-30,J30.4
1509,1833,2025-11-09,J06.9
1510,1834,2023-12-21,J06.9
1511,1835,2020-05-15,J06.9
1512,1836,2021-08-02,J45.0
1513,1836,2023-07-29,J30.4
1514,1837,2023-08-20,J06.9
1515,1839,2020-02-18,B34.9
1516,1840,2025-11-02,J06.9
1517,1842,2023-03-05,J20.9
1518,1844,2020-01-19,L20.9
1519,1845,2024-04-07,J45.1
1520,1846,2020-11-18,L20.9
1521,1848,2023-12-17,J06.9
1522,1851,2024-01-24,J45.1
1523,1851,2025-08-12,J45.0
1524,1851,2025-08-01,J459
1525,1851,2024-11-29,J45.9
1526,1852,2024-09-26,J45.9
1527,1852,2025-11-24,J45.9
1528,1853,2023-12-25,J45.1
1529,1854,2023-07-01,J45.0
1530,1854,2024-12-09,J45.1
1531,1854,2025-08-06,J45.0
1532,1855,2022-12-30,L20.9
1533,1856,2024-07-10,J20.9
1534,1865,2022-06-01,L20.9
1535,1866,2022-01-27,J45.9
1536,1866,2025-03-12,J45.9
1537,1866,2023-06-29,J45.1
1538,1866,2024-05-09,J45.9
1539,1867,2023-11-06,B34.9
1540,1868,2023-01-10,J30.4
1541,1871,2025-01-21,J30.4
1542,1873,2023-01-30,J45.9
1543,1873,2023-10-27,J45.0
1544,1875,2025-11-14,B34.9
1545,1876,2024-07-05,B34.9
1546,1878,2020-04-15,J45.1
1547,1878,2022-11-05,J45.0
1548,1879,2023-09-09,L20.9
1549,1880,2025-06-01,L20.9
1550,1882,2023-01-20,J45.1
1551,1882,2025-03-05,J45.9
1552,1883,2025-11-21,J21.9
1553,1884,2023-10-23,L20.9
1554,1885,2021-09-22,L20.9
1555,1887,2023-07-11,J20.9
1556,1888,2021-05-16,J06.9
1557,1889,2021-04-26,J21.9
1558,1890,2023-06-13,J30.4
1559,1893,2021-10-30,J21.9
1560,1896,2023-08-10,J21.9
1561,1897,2024-08-08,J45.9
1562,1897,2025-09-02,J30.4
1563,1899,2021-01-21,J21.9
1564,1902,2021-07-05,J21.9
1565,1906,2024-07-25,J20.9
1566,1907,2023-06-01,L20.9
1567,1909,2024-03-29,J45.9
1568,1909,2025-09-16,J45.9
1569,1909,2025-02-14,J45.9
1570,1910,2023-07-26,B34.9
1571,1911,2023-05-02,J45.0
1572,1911,2025-04-24,J45.1
1573,1911,2023-06-01,J45.1
1574,1911,2025-05-26,J30.4
1575,1912,2023-11-22,J45.0
1576,1912,2024-03-13,J45.9
1577,1912,2025-07-24,J45.1
1578,1915,2023-01-30,J45.9
1579,1915,2024-09-30,J45.9
1580,1915,2024-03-29,J30.4
1581,1917,2025-01-15,J45.9
1582,1917,2025-05-20,J45.9
1583,1917,2025-08-02,J45.9
1584,1919,2019-01-14,J06.9
1585,1921,2024-12-17,J45.0
1586,1923,2024-05-14,L20.9
1587,1924,2024-03-27,J21.9
1588,1926,2021-11-11,L20.9
1589,1928,2023-12-02,L20.9
1590,1929,2024-09-08,J21.9
1591,1930,2021-12-22,J21.9
1592,1934,2022-04-01,L20.9
1593,1936,2024-08-21,J30.4
1594,1937,2025-11-28,J21.9
1595,1938,2022-03-13,J20.9
1596,1940,2020-07-07,J21.9
1597,1941,2023-07-16,J45.1
1598,1941,2023-12-15,J45 9
1599,1942,2020-08-13,J06.9
1600,1945,2024-07-07,L20.9
1601,1948,2021-10-26,L20.9
1602,1950,2025-02-19,L20.9
1603,1951,2024-05-02,J30.4
1604,1952,2024-09-01,B34.9
1605,1953,2025-05-18,J30.4
1606,1956,2019-12-21,J45.9
1607,1956,2023-10-12,J45.8
1608,1956,2024-08-30,J45.9
1609,1956,2022-10-12,J45.8
1610,1957,2021-02-07,B34.9
1611,1958,2020-03-19,J21.9
1612,1959,2022-09-17,J21.9
1613,1961,2023-02-04,J45.9
1614,1962,2024-07-09,J45.9
1615,1962,2025-10-03,J45.0
1616,1962,2025-01-13,J45.1
1617,1964,2024-12-16,J20.9
1618,1965,2021-10-01,J21.9
1619,1966,2025-05-30,J20.9
1620,1967,2020-11-19,B34.9
1621,1968,2021-12-13,J45.9
1622,1968,2025-08-17,J45.9
1623,1969,2020-05-09,B34.9
1624,1970,2025-11-20,B34.9
1625,1971,2025-07-28,J20.9
1626,1973,2024-05-09,L20.9
1627,1974,2024-08-27,J20.9
1628,1975,2023-12-10,J21.9
1629,1976,2025-09-03,J21.9
1630,1977,2022-09-15,J30.4
1631,1980,2025-07-22,J06.9
1632,1983,2023-08-15,J45.1
1633,1983,2025-07-18,J45.0
1634,1983,2024-02-22,J45.1
1635,1983,2024-07-22,J45.9
1636,1989,2020-04-20,J45.9
1637,1991,2024-08-05,J06.9
1638,1995,2019-12-01,J21.9
1639,1996,2025-08-10,J20.9
1640,1997,2025-01-17,J21.9
1641,1999,2021-04-29,B34.9
1642,2001,2025-06-06,B34.9
1643,2002,2021-08-21,J20.9
1644,2003,2019-01-14,J45.8
1645,2003,2025-04-19,J45.9
1646,2005,2025-05-05,J30.4
1647,2007,2023-09-16,J45.9
1648,2007,2025-02-11,J45.9
1649,2009,2020-10-25,J06.9
1650,2011,2024-10-02,J45.8
1651,2011,2025-08-21,J45.0
1652,2012,2022-04-12,J45.0
1653,2014,2021-05-22,B34.9
1654,2015,2024-08-15,J30.4
1655,2016,2024-06-07,L20.9
1656,2020,2024-06-16,J21.9
1657,2022,2022-01-24,J06.9
1658,2023,2019-03-06,J20.9
1659,2024,2022-06-15,J30.4
1660,2026,2025-05-27,J45.9
1661,2026,2025-06-17,J30.4
1662,2027,2020-03-23,J21.9
1663,2028,2023-07-05,J21.9
1664,2029,2023-10-03,J30.4
1665,2039,2020-03-02,J21.9
1666,2040,2022-05-02,J45.0
1667,2040,2025-03-08,J45.9
1668,2041,2019-04-07,J06.9
1669,2044,2025-08-18,J06.9
1670,2045,2024-02-15,J45.0
1671,2045,2025-05-11,J45.8
1672,2045,2024-09-23,J45.9
1673,2046,2021-01-13,J20.9
1674,2047,2021-02-28,L20.9
1675,2049,2020-10-03,J20.9
1676,2050,2024-02-29,L20.9
1677,2051,2022-10-09,J20.9
1678,2053,2024-06-08,J45.9
1679,2053,2024-10-17,J45.1
1680,2053,2025-11-03,J45.1
1681,2055,2024-01-08,B34.9
1682,2057,2025-07-03,J06.9
1683,2058,2019-04-21,B34.9
1684,2060,2022-01-05,J45.0
1685,2060,2023-05-23,J45.9
1686,2060,2024-04-14,J45.1
1687,2060,2023-01-27,J45.0
1688,2061,2019-07-28,L20.9
1689,2062,2023-04-12,J06.9
1690,2063,2020-09-03,L20.9
1691,2064,2021-11-23,J21.9
1692,2066,2025-01-30,J30.4
1693,2067,2025-01-20,J30.4
1694,2068,2025-10-04,L20.9
1695,2069,2023-04-30,L20.9
1696,2071,2021-10-09,J20.9
1697,2072,2024-11-12,J30.4
1698,2073,2021-11-02,L20.9
1699,2074,2025-12-04,J30.4
1700,2075,2024-12-26,J06.9
1701,2077,2024-11-28,J06.9
1702,2080,2025-04-05,J06.9
1703,2082,2024-12-24,B34.9
1704,2083,2025-06-16,J45.0
1705,2083,2025-12-12,J45.9
1706,2083,2025-07-19,J45.9
1707,2084,2021-11-09,J06.9
1708,2085,2025-05-03,J20.9
1709,2086,2019-12-25,L20.9
1710,2087,2025-05-18,J45.9
1711,2087,2025-08-09,J45.9
1712,2087,2025-05-29,J45.0
1713,2088,2019-09-03,J45.9
1714,2090,2025-12-25,J30.4
1715,2091,2023-06-07,J45.9
1716,2091,2025-03-20,J45.0
1717,2091,2023-11-17,J30.4
1718,2092,2021-09-18,J45.0
1719,2092,2022-11-02,J45.1
1720,2093,2023-05-26,J30.4
1721,2094,2025-06-30,J06.9
1722,2096,2022-01-12,J30.4
1723,2097,2022-05-06,B34.9
1724,2100,2021-02-19,L20.9
1725,2102,2020-09-19,J45.0
1726,2102,2021-02-15,J30.4
1727,2103,2025-12-24,L20.9
1728,2105,2024-01-15,J45.9
1729,2105,2025-04-22,J45.0
1730,2105,2025-05-23,J45.0
1731,2106,2020-11-02,J45.0
1732,2107,2022-09-26,J45.0
1733,2107,2024-03-04,J45.9
1734,2108,2021-11-28,B34.9
1735,2111,2021-03-11,J30.4
1736,2114,2022-05-04,B34.9
1737,2117,2022-12-04,J06.9
1738,2118,2025-07-25,J30.4
1739,2120,2025-05-23,J21.9
1740,2122,2024-01-18,L20.9
1741,2123,2022-03-06,J45.1
1742,2123,2022-11-01,J45.9
1743,2124,2022-01-23,J45.9
1744,2124,2023-01-13,J45.9
1745,2127,2019-04-19,J30.4
1746,2128,2023-12-01,L20.9
1747,2129,2025-01-07,J20.9
1748,2130,2025-12-02,B34.9
1749,2132,2024-05-02,J45.0
1750,2132,2025-01-09,J45.9
1751,2133,2023-12-17,J30.4
1752,2134,2023-11-12,J21.9
1753,2135,2019-03-03,B34.9
1754,2136,2020-06-14,J45.1
1755,2136,2022-07-31,J45.1
1756,2136,2024-02-16,J45.1
1757,2136,2020-07-31,J30.4
1758,2138,2024-07-26,J45.1
1759,2138,2024-09-18,J45.0
1760,2138,2025-03-12,J45.9
1761,2138,2025-07-08,J45.1
1762,2139,2021-10-04,J06.9
1763,2141,2024-10-27,J45.0
1764,2144,2021-04-21,J06.9
1765,2146,2024-12-02,L20.9
1766,2148,2023-01-19,B34.9
1767,2150,2023-06-01,J21.9
1768,2154,2022-05-05,J45.0
1769,2154,2025-10-21,J45.0
1770,2155,2024-01-08,J45.0
1771,2156,2025-08-27,J06.9
1772,2158,2019-07-28,J45.1
1773,2159,2024-04-08,J06.9
1774,2160,2022-12-16,J30.4
1775,2162,2022-10-30,J45.9
1776,2164,2024-03-02,J06.9
1777,2165,2024-01-10,J21.9
1778,2167,2024-09-10,B34.9
1779,2168,2025-06-10,J20.9
1780,2171,2023-02-02,B34.9
1781,2172,2025-03-08,J45.0
1782,2172,2025-05-16,J45.0
1783,2172,2025-05-18,J45.0
1784,2172,2025-06-30,J45.9
1785,2173,2023-11-15,B34.9
1786,2176,2024-12-17,J45.9
1787,2176,2025-12-03,J45.0
1788,2176,2025-06-02,J45.8
1789,2176,2025-05-22,J45.0
1790,2176,2025-05-16,J30.4
1791,2178,2024-12-15,J45.1
1792,2178,2025-08-26,J45.0
1793,2178,2025-02-08,J30.4
1794,2181,2024-04-10,J45.9
1795,2181,2025-01-28,J45.1
1796,2182,2024-04-08,B34.9
1797,2183,2021-07-21,J20.9
1798,2184,2019-02-22,J06.9
1799,2185,2023-04-22,J30.4
1800,2186,2025-08-02,J21.9
1801,2187,2021-10-19,J06.9
1802,2188,2025-10-28,B34.9
1803,2189,2022-12-16,J45.9
1804,2189,2025-01-25,J45.0
1805,2189,2024-04-22,J45.9
1806,2189,2025-12-26,J45.9
1807,2189,2024-12-21,J30.4
1808,2193,2024-12-10,J06.9
1809,2194,2025-05-10,J45.9
1810,2194,2025-08-15,J45.1
1811,2194,2025-12-08,J30.4
1812,2197,2019-05-22,J06.9
1813,2199,2022-12-12,J45.0
1814,2199,2022-12-15,J45.8
1815,2199,2025-11-25,J45.1
1816,2199,2025-04-09,J30.4
1817,2200,2021-03-09,L20.9
1818,2201,2025-04-17,J21.9
1819,2202,2020-05-14,J30.4
1820,2205,2023-04-26,J45.9
1821,2205,2023-12-15,J45.9
1822,2205,2025-06-01,J30.4
1823,2207,2019-03-25,L20.9
1824,2208,2021-11-02,J45.1
1825,2208,2025-09-16,J45.0
1826,2208,2022-03-28,J30.4
1827,2210,2021-01-28,B34.9
1828,2211,2025-04-15,L20.9
1829,2212,2021-12-07,J21.9
1830,2213,2023-07-26,J06.9
1831,2215,2025-12-21,B34.9
1832,2216,2021-10-24,J20.9
1833,2220,2024-07-02,B34.9
1834,2222,2023-06-20,J45.9
1835,2222,2023-07-12,J45.8
1836,2222,2023-10-24,J45.1
1837,2222,2025-03-18,J45.9
1838,2223,2022-07-10,J06.9
1839,2224,2025-09-25,J21.9
1840,2229,2022-04-25,J45.0
1841,2229,2023-03-13,J45.9
1842,2229,2025-09-20,J45.9
1843,2231,2025-12-30,J30.4
1844,2232,2025-05-31,J45.1
1845,2234,2025-07-03,J06.9
1846,2236,2024-08-16,J45 1
1847,2236,2025-09-09,J45.9
1848,2237,2020-09-01,J21.9
1849,2238,2024-09-06,B34.9
1850,2239,2022-12-20,L20.9
1851,2240,2025-08-24,B34.9
1852,2241,2024-04-16,J21.9
1853,2242,2025-09-14,B34.9
1854,2243,2020-04-15,J06.9
1855,2245,2024-09-29,J21.9
1856,2247,2020-08-28,L20.9
1857,2248,2024-08-26,J21.9
1858,2249,2022-01-16,J21.9
1859,2250,2021-03-14,J06.9
1860,2251,2021-04-23,B34.9
1861,2252,2024-11-05,J30.4
1862,2253,2024-06-14,J45.9
1863,2253,2024-10-18,J45.9
1864,2253,2025-08-29,J45.9
1865,2254,2020-06-29,L20.9
1866,2255,2025-10-11,L20.9
1867,2256,2024-12-15,J06.9
1868,2258,2025-08-12,J06.9
1869,2259,2023-12-29,J21.9
1870,2260,2022-04-05,J21.9
1871,2262,2021-04-16,B34.9
1872,2263,2024-05-10,J45.0
1873,2263,2024-09-13,J45.0
1874,2263,2025-01-26,J30.4
1875,2266,2022-09-21,J20.9
1876,2268,2025-07-14,J21.9
1877,2270,2022-11-27,J06.9
1878,2271,2021-07-06,J21.9
1879,2274,2023-12-30,B34.9
1880,2275,2021-10-06,B34.9
1881,2276,2025-08-24,B34.9
1882,2278,2021-12-08,J30.4
1883,2281,2025-04-16,J45.0
1884,2281,2025-07-02,J45.9
1885,2281,2025-07-15,J45.9
1886,2281,2025-08-14,J30.4
1887,2282,2020-03-31,J21.9
1888,2286,2023-10-31,J20.9
1889,2287,2024-05-12,J21.9
1890,2288,2021-06-22,B34.9
1891,2289,2024-02-27,B34.9
1892,2291,2024-10-11,J45.8
1893,2291,2025-12-02,J45.0 
1894,2293,2019-08-15,J45.9
1895,2293,2023-05-23,J45.0
1896,2293,2023-10-16,J45.9
1897,2293,2023-10-02,J30.4
1898,2294,2024-04-04,J30.4
1899,2296,2025-11-02,J21.9
1900,2297,2022-05-31,J21.9
1901,2299,2025-03-30,B34.9
1902,2300,2020-06-10,B34.9
1903,2302,2024-07-19,J30.4
1904,2305,2025-03-11,J45.0
1905,2307,2019-12-24,J45.9
1906,2307,2023-12-22,J45.0
1907,2307,2023-06-23,J30.4
1908,2308,2023-06-01,J06.9
1909,2309,2023-01-29,J21.9
1910,2311,2025-05-01,J45.9
1911,2311,2025-06-23,J45.0
1912,2311,2025-11-28,J45.0
1913,2311,2025-09-29,J45.8
1914,2311,2025-08-10,J30.4
1915,2312,2023-12-13,J45.1
1916,2312,2025-01-20,J45.0
1917,2313,2020-03-05,L20.9
1918,2314,2025-06-06,J20.9
1919,2315,2022-04-19,J30.4
1920,2316,2025-06-15,J45.9
1921,2317,2019-02-24,J30.4
1922,2319,2021-05-28,J45.9
1923,2320,2024-05-01,J21.9
1924,2321,2025-04-03,B34.9
1925,2323,2020-07-07,B34.9
1926,2324,2023-07-07,L20.9
1927,2325,2019-09-02,L20.9
1928,2326,2022-11-12,J20.9
1929,2328,2024-12-24,J06.9
1930,2332,2022-04-30,B34.9
1931,2333,2025-06-09,J06.9
1932,2334,2019-03-11,L20.9
1933,2336,2021-07-18,J45.9
1934,2336,2025-07-04,J45.8
1935,2336,2023-02-17,J45.0
1936,2336,2022-11-14,J45.0
1937,2337,2020-01-23,L20.9
1938,2338,2024-01-13,J45.0
1939,2338,2024-11-10,J45.1
1940,2338,2024-09-25,J45.0
1941,2340,2024-11-29,J45.9
1942,2340,2025-01-18,J45.0
1943,2343,2021-04-15,J30.4
1944,2344,2023-08-06,J30.4
1945,2346,2025-03-24,J45.9
1946,2346,2025-12-16,J45.9
1947,2346,2025-05-07,J45.8
1948,2346,2025-07-27,J30.4
1949,2349,2023-11-23,J06.9
1950,2350,2019-11-21,J45.1
1951,2350,2024-05-17,J45.0
1952,2352,2024-07-26,B34.9
1953,2353,2025-08-18,J21.9
1954,2357,2025-07-25,J20.9
1955,2359,2020-04-27,J45.8
1956,2359,2021-11-19,J45.9
1957,2359,2022-02-12,J30.4
1958,2360,2025-10-31,L20.9
1959,2361,2025-10-03,L20.9
1960,2363,2020-02-12,J30.4
1961,2367,2025-05-27,J45.0
1962,2367,2025-07-25,J30.4
1963,2368,2022-07-06,J45.1
1964,2368,2025-03-31,J45.9
1965,2368,2024-04-23,J30.4
1966,2369,2023-03-01,J30.4
1967,2371,2022-01-21,J45.1
1968,2372,2022-01-12,J30.4
1969,2373,2023-10-06,L20.9
1970,2375,2025-10-01,J30.4
1971,2376,2022-02-23,J20.9
1972,2377,2019-11-18,J45.1
1973,2378,2020-03-21,L20.9
1974,2379,2025-01-17,J20.9
1975,2382,2023-03-20,J20.9
1976,2383,2022-06-16,J20.9
1977,2385,2025-11-14,J06.9
1978,2387,2023-04-24,J45.1
1979,2387,2024-11-29,J45.1
1980,2387,2024-07-19,J45.1
1981,2389,2022-12-26,J30.4
1982,2391,2022-10-11,J21.9
1983,2392,2022-10-30,J45.9
1984,2392,2025-05-07,J45.0
1985,2392,2025-06-18,J45.0
1986,2395,2024-05-05,B34.9
1987,2396,2022-06-15,J45.9
1988,2396,2023-03-31,J45.0
1989,2398,2021-02-11,J06.9
1990,2399,2022-03-21,J06.9
1991,2400,2021-01-04,J45.9
1992,2400,2021-10-10,J45.9
1993,2400,2023-07-22,J30.4
1994,2401,2024-11-26,B34.9
1995,2402,2023-04-04,J45.9
1996,2402,2023-09-20,J45.9
1997,2402,2025-09-06,J45.9
1998,2402,2025-06-25,J45.1
1999,2402,2025-05-10,J30.4
2000,2403,2025-07-13,J06.9
2001,2404,2021-07-11,J20.9
2002,2405,2020-02-29,J21.9
2003,2406,2025-06-18,J45.9
2004,2407,2024-05-04,B34.9
2005,2408,2021-12-04,J45.9
2006,2408,2023-05-27,J45.9
2007,2410,2019-09-06,J21.9
2008,2412,2023-12-04,J21.9
2009,2413,2025-02-16,J21.9
2010,2414,2023-11-07,J45.0
2011,2414,2025-02-17,J45.1
2012,2414,2024-02-28,J45.9
2013,2415,2019-02-13,J21.9
2014,2416,2024-03-14,L20.9
2015,2417,2021-10-24,L20.9
2016,2418,2023-06-20,J21.9
2017,2419,2020-05-19,J30.4
2018,2421,2019-09-06,B34.9
2019,2422,2024-03-11,J45.9
2020,2422,2025-10-04,J45.8
2021,2422,2024-06-18,J45.9
2022,2423,2023-10-30,J20.9
2023,2424,2019-06-06,J30.4
2024,2426,2019-07-15,J45.1
2025,2426,2020-02-04,J45.9
2026,2426,2025-08-26,J30.4
2027,2427,2019-02-23,L20.9
2028,2429,2023-06-16,J20.9
2029,2430,2022-09-18,J30.4
2030,2431,2023-02-23,J45.0
2031,2431,2023-06-07,J30.4
2032,2432,2023-10-18,L20.9
2033,2435,2021-03-23,J20.9
2034,2436,2024-03-16,J21.9
2035,2437,2023-04-04,J30.4
2036,2438,2024-12-31,J20.9
2037,2439,2025-01-29,J45.0
2038,2439,2025-02-23,J45.9
2039,2440,2020-06-19,J30.4
2040,2441,2024-02-13,J45.9
2041,2441,2024-09-22,J45.0
2042,2442,2024-08-27,J45.9
2043,2442,2025-03-31,J45.9
2044,2443,2020-02-08,J06.9
2045,2444,2021-10-29,J06.9
2046,2446,2023-07-23,J30.4
2047,2447,2023-09-25,J45.1
2048,2447,2025-06-07,J30.4
2049,2448,2020-09-27,L20.9
2050,2451,2025-09-12,J20.9
2051,2452,2023-06-27,J06.9
2052,2453,2021-03-23,J45.0
2053,2453,2023-06-13,J45.1
2054,2454,2023-09-19,J45.9
2055,2458,2022-12-12,J21.9
2056,2463,2019-04-20,B34.9
2057,2465,2024-09-23,J20.9
2058,2466,2019-04-26,J30.4
2059,2467,2021-01-04,L20.9
2060,2471,2023-02-14,J30.4
2061,2472,2023-09-20,J21.9
2062,2473,2024-03-01,J45.9
2063,2473,2024-08-23,J45.8
2064,2473,2025-05-09,J45.1
2065,2475,2020-10-31,J45.9
2066,2475,2021-12-27,J45.8
2067,2475,2021-08-01,J45.9
2068,2475,2022-08-27,J30.4
2069,2477,2019-03-19,J30.4
2070,2481,2024-01-15,J30.4
2071,2482,2024-11-07,J45.0
2072,2482,2025-06-08,J45.0
2073,2482,2025-02-18,J45.0
2074,2482,2025-08-28,J45.9
2075,2486,2021-08-17,J20.9
2076,2488,2025-11-25,J06.9
2077,2489,2020-05-22,J45.9
2078,2489,2022-04-08,J45.9
2079,2489,2022-10-26,J45.9
2080,2491,2022-04-08,L20.9
2081,2492,2022-06-08,J45.9
2082,2492,2024-05-13,J45.9
2083,2492,2024-01-02,J45.9
2084,2492,2025-12-05,J30.4
2085,2493,2020-09-15,J21.9
2086,2494,2023-01-26,J20.9
2087,2496,2022-05-02,J45.9
2088,2497,2020-11-14,L20.9
2089,2499,2024-10-24,J45.0
2090,2499,2024-11-14,J45.8
2091,2499,2025-10-06,J45.8
2092,2499,2025-07-16,J45.1
2093,2500,2022-12-13,J45.8
2094,2500,2023-09-17,J45.1
2095,2500,2024-02-01,J45.9
