patient_id,birth_date,sex
1,2014-03-03,F
2,2024-01-22,F
3,2015-08-19,F
4,1983-12-17,F
5,2015-12-20,M
6,2020-08-03,F
7,2026-02-03,F
8,2020-01-16,F
9,1966-01-11,M
10,2020-09-21,F
11,2021-08-09,F
12,2013-01-14,M
13,2024-05-08,M
14,2020-05-05,F
15,2020-10-10,f
16,2022-06-23,M
17,2011-07-16,F
18,2012-09-21,M
19,2017-11-28,M
20,1968-11-05,F
21,1972-04-06,M
22,2022-10-20,F
23,2022-12-16,M
24,2004-06-05,M
25,2024-11-05,M
26,2025-03-27,M
27,2013-08-03,M
28,2024-11-10,M
29,2013-03-09,F
30,2001-08-25,F
31,1961-06-14,F
32,2025-01-26,M
33,2008-06-15,F
34,1959-09-13,F
35,2025-04-29,F
36,2017-06-03,M
37,2013-07-04,M
38,2015-12-16,F
39,2025-01-01,M
40,2013-06-16,F
41,2020-01-07,M
42,2009-03-22,M
43,2009-06-19,M
44,1984-02-16,F
45,2013-12-07,F
46,2013-12-07,F
47,2014-11-24,F
48,2017-09-09,F
49,2021-02-16,M
50,2016-12-24,M
51,1968-04-06,M
52,1977-11-17,F
53,2024-01-27,F
54,2019-05-22,M
55,2015-03-21,M
56,2008-10-30,F
57,2009-04-04,F
58,2022-12-15,M
59,1970-08-24,M
60,2024-06-04,F
61,2013-01-22,F
62,2013-03-30,M
63,2008-10-31,F
64,2018-12-22,M
65,2022-06-18,M
66,2025-02-28,F
67,2009-03-05,F
68,2013-02-14,F
69,1999-12-01,M
70,2014-02-16,M
71,2016-04-19,M
72,2014-02-07,F
73,2023-03-21,F
74,1975-12-20,F
75,2022-12-25,F
76,2023-11-30,M
77,2014-12-16,F
78,2025-01-18,F
79,2006-04-09,M
80,2019-05-16,F
81,2018-09-01,F
82,2025-05-15,M
83,2024-03-25,M
84,1977-10-31,F
85,2015-05-14,M
86,2011-01-31,M
87,1962-06-02,F
88,2025-02-11,F
89,2019-04-05,M
90,1962-05-06,M
91,2017-05-05,M
92,2015-11-26,M
93,2012-07-09,M
94,2012-03-10,M
95,2021-07-07,M
96,2022-04-19,F
97,2009-07-04,M
98,2010-07-18,M
99,2007-03-19,F
100,2020-05-16,M
101,2022-01-02,F
102,2023-05-13,M
103,1980-12-26,M
104,2014-07-05,F
105,2013-05-26,M
106,2017-01-01,f
107,2021-10-29,M
108,2013-12-15,F
109,2017-11-21,F
110,2019-12-16,F
111,2015-10-28,M
112,2017-12-02,F
113,2015-05-29,F
114,2012-06-21,M
115,1965-09-15,F
116,1966-09-19,M
117,2022-05-20,M
118,1951-04-07,M
119,2013-07-25,M
120,2019-11-05,F
121,2019-06-12,masculin
122,2015-09-23,F
123,2020-01-19,M
124,2022-10-22,F
125,2023-10-10,M
126,2011-03-19,F
127,2017-02-26,M
128,1992-12-19,F
129,2016-01-25,M
130,2020-05-29,F
131,2007-07-28,M
132,2009-08-31,F
133,2020-05-16,F
134,2013-05-28,F
135,2000-07-22,M
136,1985-09-25,F
137,2017-10-20,M
138,2023-03-31,M
139,2022-03-20,F
140,2000-03-13,F
141,2011-04-10,M
142,2014-04-15,F
143,1986-09-15,F
144,2019-12-26,M
145,2010-03-18,M
146,1993-04-24,M
147,2015-09-11,F
148,1971-11-19,F
149,2024-07-15,M
150,2023-01-16,M
151,2002-12-12,M
152,2011-02-03,M
153,2018-02-11,F
154,2019-01-11,M
155,2018-04-04,M
156,2017-07-14,M
157,1974-11-18,M
158,1985-03-26,F
159,2018-12-12,M
160,2020-12-17,M
161,1950-02-05,F
162,2010-01-01,F
163,2005-04-09,F
164,1952-05-28,M
165,2009-08-04,M
166,1956-07-19,F
167,2021-09-24,M
168,1996-12-02,M
169,2019-06-16,F
170,2008-04-10,F
171,2019-07-27,F
172,1971-10-06,M
173,1950-02-17,F
174,1962-10-10,F
175,2010-12-06,F
176,2025-04-10,F
177,2004-02-16,M
178,2009-06-12,F
179,2017-05-27,M
180,2000-07-25,M
181,2021-10-09,F
182,2024-05-06,M
183,2015-03-02,F
184,2009-09-06,M
185,2024-03-11,M
186,2016-02-03,M
187,2023-08-15,F
188,2013-04-14,M
189,1967-04-17,F
190,2020-06-23,F
191,2000-06-25,F
192,2014-03-06,M
193,2014-10-18,F
194,1996-05-03,M
195,2012-07-02,F
196,2018-12-18,F
197,2016-09-01,F
198,2008-03-01,M
199,2023-12-13,M
200,2008-10-16,M
201,2018-07-23,F
202,2009-04-20,F
203,2008-02-03,F
204,2009-01-09,M
205,2012-03-23,M
206,2023-09-19,M
207,2012-06-24,M
208,2008-01-23,M
209,2017-10-25,F
210,1992-11-27,M
211,1964-04-20,F
212,2018-12-12,F
213,1978-10-07,F
214,1951-08-06,F
215,2000-06-13,M
216,1982-08-05,M
217,2016-05-20,M
218,2012-04-10,M
219,1965-11-24,M
220,2016-08-17,M
221,1999-02-23,M
222,2023-07-28,F
223,1996-11-23,M
224,2020-02-20,M
225,2018-06-17,M
226,2020-01-17,F
227,2015-10-05,F
228,2010-07-17,M
229,1998-04-07,F
230,1963-10-18,F
231,2019-04-12,F
232,2020-09-21,F
233,1993-09-16,F
234,2018-02-08,F
235,2016-01-23,M
236,2005-02-01,F
237,2016-04-14,F
238,2020-10-14,M
239,1960-03-02,M
240,2013-10-16,F
241,2017-03-19,M
242,2012-07-15,F
243,2010-12-03,F
244,2013-03-19,M
245,2012-08-09,F
246,1985-08-28,M
247,1985-09-19,M
248,2022-04-06,F
249,1957-10-16,F
250,2014-03-15,M
251,2016-06-16,M
252,2013-02-26,F
253,2012-01-02,M
254,2010-05-23,M
255,2008-03-09,M
256,2011-01-06,F
257,2015-07-04,F
258,2022-07-29,F
259,2021-09-25,M
260,2017-12-23,M
261,1957-03-08,M
262,2021-11-11,F
263,2008-03-27,M
264,2014-02-07,M
265,2010-10-21,F
266,2024-10-31,F
267,1972-05-02,F
268,2024-05-01,M
269,1971-03-04,F
270,2008-12-10,F
271,2013-03-21,F
272,2000-02-26,M
273,2011-06-23,F
274,2020-02-02,F
275,2019-09-26,M
276,2008-09-17,M
277,2022-05-01,F
278,1999-05-05,F
279,1979-01-07,M
280,2014-10-08,F
281,2014-09-26,F
282,2013-11-20,F
283,2024-05-03,M
284,2021-12-21,M
285,2022-11-14,M
286,2018-04-09,F
287,1994-12-21,F
288,2020-11-06,F
289,2021-09-22,F
290,2021-07-24,M
291,2023-01-21,M
292,1985-05-12,M
293,2019-07-30,F
294,2021-02-16,F
295,1958-02-03,F
296,2016-07-14,F
297,2021-03-16,M
298,2008-09-22,F
299,2001-12-10,F
300,2011-01-07,F
301,1968-08-07,F
302,1960-03-19,M
303,2022-01-25,F
304,1981-09-21,M
305,2010-08-15,M
306,2013-04-30,F
307,1963-10-28,M
308,2019-09-19,M
309,2014-01-29,M
310,1979-02-19,M
311,1959-08-07,M
312,2015-08-23,M
313,2022-06-19,M
314,2023-03-29,M
315,2020-07-23,F
316,1986-06-05,M
317,2009-08-10,F
318,2004-03-23,M
319,2001-09-15,M
320,2022-02-22,F
321,2018-07-10,M
322,2014-07-18,F
323,2011-12-07,M
324,1987-01-18,F
325,1997-10-10,M
326,2019-12-01,F
327,1951-01-27,F
328,2009-04-10,F
329,2018-06-22,F
330,2009-07-22,M
331,1959-04-08,M
332,2023-06-17,F
333,2018-04-23,M
334,2024-02-22,F
335,1998-02-20,M
336,2018-07-27,M
337,2011-10-30,F
338,2012-10-12,F
339,2022-03-06,F
340,2025-04-29,M
341,2024-02-01,F
342,2025-01-26,F
343,2018-08-22,F
344,2024-08-09,M
345,2015-04-24,M
346,2017-04-02,F
347,2006-09-14,M
348,2004-02-26,F
349,2019-09-14,F
350,2020-12-29,F
351,2018-07-22,F
352,2010-01-13,M
353,2023-10-23,F
354,2017-06-26,M
355,2016-04-03,M
356,2016-10-05,M
357,2022-01-25,F
358,2011-08-10,F
359,2008-10-11,F
360,2014-08-18,M
361,2017-01-03,F
362,2009-11-15,M
363,2024-01-22,M
364,2024-04-29,M
365,2017-03-08,M
366,2008-12-11,M
367,2019-01-12,M
368,2020-09-07,M
369,2009-03-09,F
370,2003-09-20,F
371,2011-08-28,M
372,2025-02-10,F
373,1996-01-25,F
374,1961-02-08,F
375,1981-03-16,M
376,1965-05-30,F
377,2021-03-21,M
378,2009-07-24,M
379,2016-11-21,M
380,2017-07-11,M
381,1995-11-19,M
382,1984-04-30,F
383,1952-11-01,F
384,1993-09-24,M
385,2015-11-29,M
386,2017-08-08,M
387,2015-04-25,F
388,2001-11-15,F
389,2015-01-10,M
390,2007-12-17,M
391,2020-07-22,M
392,2008-12-11,F
393,2010-01-09,M
394,2013-09-14,M
395,2021-08-02,M
396,2017-04-05,M
397,2012-02-14,F
398,1986-10-24,F
399,2016-03-30,F
400,2019-01-31,M
401,2013-11-14,F
402,2023-12-31,M
403,2015-12-12,F
404,2013-11-02,F
405,2018-07-19,F
406,2011-10-10,M
407,2009-09-21,F
408,2014-01-15,Homme
409,2009-03-30,M
410,2024-11-16,M
411,2018-12-24,M
412,2024-01-03,F
413,2014-09-26,F
414,2022-10-27,M
415,1966-10-17,M
416,2017-01-31,M
417,2012-03-21,F
418,2011-06-02,F
419,2008-03-05,M
420,2012-12-04,M
421,2010-11-23,F
422,2004-10-11,F
423,1958-11-28,M
424,1950-08-04,M
425,2022-11-30,M
426,1996-05-31,F
427,2022-05-21,F
428,1961-04-21,M
429,1977-04-08,F
430,2020-11-02,F
431,2024-01-13,M
432,2010-12-01,F
433,2010-11-07,F
434,2017-03-01,F
435,1992-08-20,M
436,2023-01-14,M
437,2008-06-01,M
438,2010-03-24,M
439,2015-03-06,M
440,2017-02-14,F
441,2018-06-03,M
442,2013-08-17,M
443,2010-10-04,F
444,1980-09-27,M
445,2023-07-08,M
446,1998-04-12,M
447,1950-10-04,F
448,2019-01-20,M
449,1961-06-07,F
450,1978-12-24,F
451,2015-02-03,M
452,2023-07-21,F
453,2014-08-12,F
454,2015-05-12,F
455,2018-10-18,M
456,2008-03-07,M
457,2018-06-25,M
458,2023-07-19,F
459,2011-03-12,F
460,2011-11-27,F
461,1967-03-14,F
462,1979-05-26,M
463,2018-05-31,masculin
464,2016-07-29,M
465,2019-07-01,F
466,1987-06-22,M
467,2022-10-11,F
468,2021-07-10,M
469,2015-05-17,F
470,2023-06-15,F
471,1986-11-11,M
472,2019-04-09,M
473,2023-12-17,M
474,2010-02-21,F
475,2010-05-11,M
476,2023-02-25,F
477,2009-07-12,M
478,2021-06-01,M
479,1960-11-02,M
480,2012-11-25,F
481,1993-04-03,M
482,2025-01-08,F
483,2024-04-07,F
484,2014-06-21,M
485,1969-12-16,F
486,2012-04-25,M
487,1993-03-30,M
488,2014-11-26,M
489,2017-07-05,F
490,2018-03-20,F
491,2016-08-14,F
492,2019-03-25,M
493,1950-02-21,F
494,2012-01-30,F
495,2017-03-02,F
496,2010-04-05,M
497,1972-04-19,M
498,1979-03-16,F
499,1996-08-28,F
500,2023-02-04,F
501,2013-10-11,M
502,2020-08-08,M
503,1960-06-01,F
504,2021-06-29,F
505,2022-12-03,M
506,2024-01-28,M
507,1985-02-24,F
508,2015-10-24,M
509,2002-01-26,M
510,2011-04-01,M
511,2010-08-31,M
512,2022-12-31,F
513,2010-10-22,M
514,2024-11-21,F
515,2015-11-24,M
516,2012-10-29,F
517,2023-07-30,M
518,1978-05-20,M
519,2017-02-14,F
520,2024-08-16,M
521,2011-03-14,F
522,2009-12-13,F
523,2019-01-20,M
524,1997-12-08,F
525,2009-02-21,F
526,2012-10-11,M
527,2016-11-12,M
528,2023-11-27,M
529,1973-11-05,F
530,2015-09-03,F
531,2024-05-10,F
532,2010-12-19,F
533,2014-01-14,F
534,2024-09-14,F
535,2025-04-12,F
536,2020-04-04,F
537,2013-08-30,M
538,2019-04-20,M
539,2012-08-22,M
540,2023-10-28,M
541,1969-09-03,F
542,2022-02-15,M
543,1965-10-19,F
544,2022-06-20,F
545,2022-01-26,F
546,1977-07-30,M
547,2013-01-11,M
548,2004-03-26,F
549,1983-02-12,M
550,1963-02-25,F
551,2017-07-04,m
552,2019-01-18,M
553,1959-11-19,M
554,2012-02-03,M
555,1952-11-18,F
556,1961-03-24,M
557,2010-06-07,M
558,1975-05-03,F
559,2025-05-20,F
560,1970-10-11,F
561,2023-12-26,M
562,2014-04-13,M
563,2014-06-06,M
564,2013-11-23,M
565,2015-10-29,M
566,1985-08-12,F
567,2012-10-14,M
568,2017-01-31,F
569,2022-05-01,F
570,2022-07-21,F
571,2023-09-30,M
572,2017-06-07,F
573,2016-10-11,M
574,2020-03-11,F
575,2011-03-23,M
576,2016-02-08,F
577,2015-09-09,F
578,2008-08-30,F
579,1961-05-10,F
580,2016-12-20,M
581,2020-09-20,M
582,2014-08-01,M
583,2016-05-02,F
584,2010-04-23,F
585,2014-02-26,M
586,2019-12-19,M
587,2022-05-18,M
588,1989-02-01,M
589,2011-10-27,M
590,2013-12-01,M
591,2021-03-30,M
592,2016-02-26,F
593,2010-05-27,F
594,2010-08-27,M
595,2012-03-31,M
596,2021-11-28,F
597,2019-04-15,F
598,2008-06-19,M
599,2008-04-21,M
600,2023-08-10,F
601,1997-04-09,M
602,2018-03-16,F
603,1951-05-26,F
604,2008-01-06,M
605,2022-02-03,F
606,2019-04-20,M
607,2002-01-24,M
608,2023-01-11,M
609,1989-10-25,F
610,2024-08-19,F
611,2014-05-10,M
612,2023-11-03,F
613,2018-07-31,M
614,2024-06-08,F
615,2008-08-29,M
616,2019-11-08,F
617,2012-08-26,M
618,2020-02-15,F
619,1956-09-16,F
620,2013-11-24,F
621,1955-08-05,M
622,1974-04-09,M
623,2016-07-04,F
624,2010-08-24,F
625,2013-02-03,F
626,1972-06-03,F
627,1961-08-21,F
628,1969-10-06,M
629,1996-09-27,F
630,2009-11-23,M
631,2008-05-04,F
632,2020-09-30,F
633,2016-01-17,M
634,1974-10-10,M
635,1951-06-13,M
636,2009-09-26,M
637,1983-08-14,M
638,1952-04-16,F
639,2020-11-18,F
640,1979-06-28,M
641,2021-07-28,M
642,2009-10-29,M
643,1961-05-04,M
644,2017-01-08,M
645,2018-09-13,M
646,1958-09-11,M
647,2021-10-20,M
648,1959-07-10,M
649,1996-09-24,M
650,1979-05-07,F
651,2016-06-08,F
652,1969-03-20,F
653,2023-10-22,M
654,2025-04-23,M
655,2009-01-08,M
656,2008-06-12,F
657,1970-07-29,M
658,2014-10-05,F
659,2022-09-18,F
660,2020-12-16,F
661,2021-10-29,F
662,2024-08-10,M
663,1993-11-05,F
664,1988-03-11,F
665,2010-07-20,F
666,1950-07-03,F
667,2008-04-25,F
668,1975-02-13,F
669,1958-03-12,F
670,2015-05-03,M
671,1989-03-24,M
672,2020-07-21,M
673,2008-02-15,M
674,1952-09-24,F
675,1965-11-14,F
676,2023-01-26,F
677,1957-07-14,F
678,2018-05-20,F
679,1965-11-21,M
680,2021-02-15,F
681,2013-11-06,M
682,2023-07-30,M
683,1971-01-08,F
684,2015-06-22,F
685,1977-01-11,F
686,2016-11-02,M
687,2019-12-24,M
688,2024-06-07,F
689,2024-08-22,M
690,2012-01-05,M
691,2018-06-04,M
692,2014-09-04,F
693,2006-10-13,F
694,2024-03-26,F
695,2014-10-19,F
696,2017-10-19,M
697,2014-02-28,M
698,2014-06-15,F
699,2024-08-27,F
700,2024-11-03,M
701,2019-01-03,M
702,2010-06-25,F
703,2018-05-28,M
704,2022-04-10,M
705,2018-04-19,F
706,2008-09-21,F
707,1995-11-23,M
708,2002-01-07,M
709,2009-08-29,M
710,2021-05-01,M
711,2011-10-27,M
712,2009-06-14,masculin
713,2016-12-08,M
714,2024-02-02,F
715,1961-11-22,Féminin
716,2009-11-14,M
717,1989-09-17,F
718,2022-06-22,M
719,1995-09-18,M
720,2010-06-09,F
721,2019-08-01,F
722,2015-12-09,M
723,2017-03-02,M
724,2024-01-27,F
725,2003-03-13,M
726,2014-05-17,M
727,2018-11-28,M
728,1960-01-29,F
729,2012-04-12,M
730,1986-01-07,M
731,2002-06-05,M
732,2019-12-18,F
733,1968-09-25,M
734,2024-09-07,M
735,2004-04-06,F
736,2014-12-14,F
737,2011-06-29,F
738,2011-03-28,M
739,2009-06-27,F
740,2018-05-13,M
741,2008-10-06,F
742,2012-03-06,M
743,1960-10-16,M
744,2019-06-17,F
745,1991-12-27,M
746,1971-10-03,F
747,2017-01-01,M
748,2013-09-23,F
749,2019-02-06,M
750,2010-08-20,F
751,2012-01-20,F
752,1965-06-08,M
753,2023-11-12,M
754,1998-04-16,M
755,2024-07-06,M
756,2013-01-24,F
757,1982-08-27,M
758,2010-05-08,M
759,1965-05-16,F
760,2004-09-09,M
761,2012-07-01,F
762,2016-08-17,F
763,2019-03-05,F
764,1980-04-08,F
765,2016-03-14,F
766,2025-04-14,M
767,2020-01-23,M
768,1986-01-23,M
769,2010-07-26,F
770,2023-07-23,F
771,1978-07-10,F
772,1970-12-18,F
773,1964-05-20,M
774,1961-03-20,F
775,2010-12-26,M
776,2025-05-16,M
777,2000-07-17,M
778,2009-06-19,F
779,1962-03-02,F
780,1956-03-07,F
781,2009-11-11,M
782,1952-02-08,M
783,2021-12-31,F
784,1980-08-09,F
785,2023-05-18,F
786,2003-02-04,M
787,2023-10-06,F
788,2019-05-13,M
789,2011-08-14,M
790,1978-02-14,M
791,2008-07-19,M
792,2019-02-26,M
793,2011-08-02,M
794,2017-08-15,M
795,2015-01-04,M
796,1978-02-14,M
797,1974-10-12,F
798,1978-09-17,F
799,1967-06-28,M
800,2016-07-26,F
801,2010-11-18,M
802,2022-06-30,F
803,2010-04-17,F
804,2020-04-17,M
805,2023-08-22,F
806,2025-03-03,M
807,2023-09-28,M
808,2004-07-06,F
809,2010-07-12,M
810,2011-09-15,M
811,2024-05-05,M
812,2013-11-22,F
813,1992-10-01,Féminin
814,2023-07-08,M
815,1952-03-10,F
816,1998-11-10,M
817,2017-01-04,M
818,2018-02-09,M
819,2020-11-27,F
820,2010-03-02,F
821,2017-08-11,M
822,2021-03-02,F
823,1957-10-16,M
824,2017-03-17,M
825,2017-12-21,M
826,2010-05-21,M
827,2020-03-30,F
828,2022-12-08,F
829,2010-11-06,F
830,2017-04-10,F
831,2024-12-10,M
832,1963-01-22,F
833,2010-01-15,F
834,2000-10-12,M
835,1999-08-09,M
836,2012-08-12,M
837,2016-06-11,femme
838,2006-05-08,F
839,2009-03-22,F
840,1981-09-20,M
841,1958-03-07,F
842,2014-12-02,F
843,2024-07-30,M
844,2019-03-12,M
845,2017-01-22,M
846,2014-01-13,M
847,2023-08-06,F
848,2014-12-27,F
849,1996-01-18,F
850,2014-04-06,M
851,2014-06-10,M
852,1996-12-18,M
853,1960-05-13,M
854,2021-03-29,F
855,2016-12-14,M
856,2016-09-01,M
857,2010-04-09,F
858,2010-12-25,f
859,2020-04-15,M
860,2021-04-09,M
861,2013-06-09,M
862,1963-08-18,F
863,2005-02-12,F
864,2012-09-20,M
865,2024-03-17,M
866,2012-04-17,M
867,2015-05-02,M
868,2019-02-09,F
869,2022-10-09,F
870,2017-05-11,F
871,2001-12-30,F
872,1954-08-05,M
873,1951-11-09,F
874,1968-04-23,F
875,1950-04-20,F
876,1981-12-17,M
877,2023-06-19,M
878,1988-10-16,M
879,1956-01-02,M
880,2017-04-27,M
881,2018-08-14,F
882,2016-07-06,F
883,2010-02-01,M
884,2012-10-05,F
885,2015-06-23,M
886,2011-10-11,F
887,2021-10-28,M
888,1961-07-02,F
889,2010-07-11,F
890,2011-03-28,M
891,1962-08-16,F
892,2014-03-07,M
893,2020-05-16,M
894,1951-10-28,M
895,1999-09-10,M
896,2018-08-01,M
897,1951-06-23,M
898,2024-07-25,M
899,2013-10-01,M
900,2011-07-09,F
901,1988-09-27,M
902,2025-02-22,M
903,1964-02-14,M
904,2013-11-01,M
905,2002-02-28,M
906,2002-02-04,M
907,2020-05-21,F
908,1958-10-25,M
909,1981-09-13,F
910,2019-09-18,M
911,2017-09-30,M
912,2014-01-16,F
913,2009-03-10,F
914,2009-01-19,F
915,2016-06-24,F
916,2014-08-14,M
917,1961-09-16,M
918,2006-09-01,M
919,2018-07-15,F
920,2023-08-21,F
921,2019-10-20,M
922,2024-03-05,M
923,2004-11-22,F
924,2012-02-23,F
925,2015-09-10,M
926,2018-02-13,F
927,2024-09-05,M
928,1954-12-20,F
929,2017-08-21,M
930,1990-02-21,F
931,2016-04-23,F
932,2021-05-29,F
933,2019-09-17,M
934,2019-03-23,M
935,2011-03-03,F
936,1992-06-07,F
937,2019-09-01,M
938,2018-10-22,F
939,1974-05-24,M
940,2009-09-06,M
941,2010-01-24,M
942,2019-10-02,M
943,2016-12-31,F
944,1958-06-25,F
945,2011-08-15,F
946,2017-07-21,M
947,2015-02-21,F
948,2017-01-31,M
949,1982-11-03,F
950,2014-05-11,F
951,2020-03-14,F
952,2019-12-08,M
953,1953-06-05,M
954,2013-04-29,F
955,1980-09-27,F
956,2010-12-26,F
957,1993-05-11,M
958,2019-04-25,M
959,2023-10-21,F
960,2015-05-09,M
961,2010-11-29,F
962,1990-05-09,M
963,1975-02-01,M
964,2021-10-12,F
965,2013-03-16,F
966,1967-01-31,F
967,2024-02-04,M
968,1981-05-29,F
969,1952-12-07,F
970,2023-06-02,F
971,2022-06-16,F
972,2001-10-27,M
973,2013-07-12,F
974,1958-11-04,F
975,2019-05-07,M
976,1971-03-14,M
977,2002-08-26,F
978,2018-07-18,F
979,2024-03-19,F
980,2018-03-19,F
981,2015-04-29,F
982,2023-07-30,M
983,2025-02-06,M
984,1987-11-26,M
985,2021-04-01,F
986,2023-03-09,M
987,2010-04-02,M
988,2011-04-28,M
989,1975-10-25,F
990,2023-10-11,M
991,2011-02-06,F
992,2008-07-23,M
993,2022-09-10,F
994,1976-09-13,F
995,1984-04-16,F
996,2020-10-21,F
997,1956-01-05,M
998,1998-06-30,M
999,1960-01-17,M
1000,2015-12-26,F
1001,1973-04-13,F
1002,2003-10-27,Homme
1003,1987-12-30,F
1004,2016-06-18,F
1005,1975-05-24,M
1006,2015-08-01,F
1007,1959-09-08,F
1008,2010-02-12,M
1009,2022-08-02,F
1010,2017-04-12,F
1011,2021-01-17,F
1012,1966-03-15,F
1013,2021-01-06,M
1014,1973-07-08,M
1015,2014-12-02,F
1016,2015-10-13,M
1017,2025-02-02,M
1018,2014-04-20,F
1019,2019-02-03,M
1020,2024-05-19,M
1021,2013-12-08,F
1022,2018-06-24,M
1023,2005-02-26,M
1024,2009-08-19,M
1025,1953-09-28,M
1026,2019-05-01,M
1027,2017-08-03,M
1028,2008-10-25,M
1029,2013-04-12,M
1030,1999-12-23,F
1031,2019-09-16,F
1032,2016-08-09,M
1033,2024-11-04,M
1034,2024-11-09,F
1035,2010-01-23,M
1036,2023-04-19,F
1037,2016-06-15,F
1038,2016-08-20,F
1039,2021-03-06,M
1040,2009-03-08,M
1041,2013-11-14,F
1042,2020-11-18,F
1043,2020-10-09,M
1044,1987-02-02,M
1045,2025-05-17,F
1046,2011-05-25,F
1047,1998-08-15,M
1048,2009-03-10,F
1049,2020-02-17,F
1050,1991-07-06,F
1051,2008-07-13,F
1052,2015-01-14,F
1053,1981-02-18,F
1054,2017-12-07,M
1055,1951-02-04,F
1056,2020-03-04,M
1057,2018-12-02,F
1058,2023-08-07,M
1059,2023-09-04,M
1060,1956-07-16,M
1061,2009-05-15,M
1062,2024-07-14,F
1063,2011-01-19,M
1064,2021-04-23,F
1065,2018-05-23,M
1066,1965-02-04,M
1067,2018-12-18,F
1068,2018-07-20,M
1069,2009-03-18,M
1070,2010-04-25,Féminin
1071,2021-05-05,F
1072,2009-08-04,F
1073,2024-08-21,F
1074,1987-08-30,F
1075,2014-06-08,F
1076,2014-10-12,M
1077,1980-10-26,F
1078,1957-08-05,F
1079,2013-01-16,M
1080,1997-06-17,M
1081,2018-03-04,M
1082,1955-09-15,M
1083,2005-06-22,M
1084,2014-03-12,F
1085,2023-04-08,M
1086,2024-05-15,F
1087,1965-10-23,M
1088,2011-09-02,F
1089,2015-04-07,M
1090,1989-05-31,M
1091,2011-05-30,F
1092,1969-07-10,F
1093,1967-10-22,F
1094,1963-04-24,F
1095,2018-08-16,F
1096,1992-02-15,M
1097,1964-03-18,F
1098,2020-06-01,F
1099,2022-02-19,M
1100,1963-09-15,F
1101,2011-06-15,M
1102,1971-09-25,F
1103,2000-05-23,M
1104,2014-06-07,F
1105,2015-02-21,M
1106,2016-06-06,F
1107,2011-10-14,F
1108,2024-11-11,F
1109,2018-11-07,M
1110,2017-06-05,M
1111,2001-11-16,F
1112,1981-04-27,M
1113,2014-12-07,M
1114,2015-06-01,F
1115,1987-02-20,Homme
1116,1973-03-10,F
1117,2019-03-24,F
1118,2023-07-03,M
1119,2018-08-07,M
1120,2021-09-13,F
1121,2018-07-28,M
1122,2012-03-29,M
1123,2013-07-30,F
1124,2015-02-22,F
1125,2008-03-22,F
1126,1978-04-12,M
1127,2002-03-10,F
1128,2020-02-12,F
1129,1959-02-11,M
1130,1954-06-28,F
1131,2025-01-02,M
1132,2025-04-04,F
1133,2015-10-10,F
1134,2009-02-09,F
1135,2011-12-30,M
1136,1984-10-16,F
1137,2010-07-14,M
1138,2017-12-06,M
1139,1981-05-05,M
1140,2021-05-28,F
1141,2016-04-09,F
1142,2022-11-29,M
1143,2012-01-13,M
1144,1998-10-03,F
1145,2016-09-15,F
1146,2012-02-08,F
1147,2010-02-28,M
1148,2017-09-25,M
1149,2012-03-10,F
1150,2022-02-09,F
1151,2021-04-23,F
1152,1963-07-09,F
1153,2013-01-05,F
1154,2021-11-05,M
1155,2015-11-23,M
1156,2013-06-09,F
1157,2015-02-01,f
1158,2017-04-30,F
1159,1986-03-08,M
1160,1967-03-10,M
1161,1951-10-02,M
1162,2023-06-06,F
1163,2008-03-05,F
1164,2015-04-21,M
1165,2013-08-02,F
1166,2025-06-19,M
1167,2011-11-01,M
1168,1976-09-11,M
1169,2004-02-07,M
1170,2009-07-16,M
1171,1999-12-15,F
1172,2023-05-07,M
1173,2021-07-23,masculin
1174,2010-07-07,F
1175,1961-05-05,M
1176,2021-02-03,F
1177,1991-06-17,M
1178,2009-01-19,M
1179,1951-01-25,M
1180,2022-06-30,M
1181,2024-01-11,F
1182,2012-09-08,M
1183,2009-12-05,M
1184,2023-03-24,F
1185,1983-12-07,M
1186,2023-10-22,M
1187,2020-04-06,F
1188,1995-09-05,M
1189,2000-03-27,M
1190,2024-10-05,M
1191,2008-03-10,F
1192,2011-10-27,M
1193,2012-10-28,M
1194,2019-02-15,F
1195,2016-07-22,M
1196,2019-02-06,F
1197,2010-01-02,F
1198,1977-01-19,F
1199,2015-09-05,M
1200,2015-09-26,F
1201,1998-01-28,M
1202,2024-10-20,M
1203,2009-02-16,M
1204,1953-07-04,M
1205,2024-04-20,F
1206,2008-06-17,F
1207,2002-03-19,F
1208,1999-02-17,F
1209,2013-08-02,M
1210,2015-05-25,M
1211,1951-01-30,M
1212,2023-10-16,M
1213,1969-12-17,F
1214,2019-11-27,M
1215,2000-03-29,F
1216,2008-09-16,M
1217,2011-03-28,M
1218,2008-02-26,F
1219,2015-02-16,F
1220,1985-11-26,M
1221,1964-04-28,M
1222,2018-11-03,M
1223,1963-07-13,F
1224,1959-01-26,F
1225,2023-03-10,M
1226,2017-02-01,M
1227,2022-09-22,M
1228,2021-09-16,M
1229,2021-04-13,M
1230,2002-11-27,M
1231,1984-10-21,F
1232,2007-01-26,M
1233,2017-10-24,F
1234,2008-01-29,M
1235,2020-05-23,F
1236,2018-12-31,M
1237,2019-03-24,M
1238,2009-03-25,F
1239,1964-01-17,M
1240,2014-06-21,F
1241,1978-05-21,F
1242,2021-10-12,F
1243,2025-02-26,M
1244,2015-08-28,M
1245,2008-10-27,M
1246,2024-03-17,F
1247,2011-08-20,F
1248,2008-03-25,M
1249,1968-09-06,F
1250,1992-08-18,M
1251,2013-03-29,M
1252,2012-01-22,M
1253,1993-12-20,M
1254,2020-03-07,F
1255,2012-01-16,F
1256,2016-11-30,M
1257,1950-12-20,F
1258,1999-10-24,M
1259,2014-10-24,F
1260,2008-01-23,M
1261,1976-11-07,F
1262,1971-12-14,F
1263,2017-01-29,F
1264,2024-09-29,F
1265,2015-06-23,F
1266,2016-05-02,M
1267,2012-01-21,F
1268,2010-04-22,M
1269,2023-07-02,F
1270,2013-11-07,M
1271,1972-10-27,F
1272,2016-07-28,M
1273,1974-09-01,M
1274,1957-03-11,M
1275,2007-01-10,M
1276,2011-10-20,F
1277,2008-01-03,F
1278,2008-06-02,M
1279,1958-05-27,M
1280,1962-11-18,F
1281,1954-12-04,M
1282,2017-07-18,M
1283,2014-03-11,F
1284,2018-09-09,M
1285,2020-05-06,M
1286,2025-04-21,M
1287,2008-03-29,M
1288,2016-10-06,M
1289,1976-05-04,M
1290,2024-11-16,M
1291,2009-07-04,F
1292,1977-08-21,F
1293,2017-07-12,M
1294,2011-01-16,F
1295,2023-07-22,F
1296,2007-03-18,M
1297,2020-07-31,F
1298,2001-11-04,M
1299,2020-08-07,F
1300,2009-06-04,M
1301,2023-07-24,F
1302,2022-06-21,F
1303,2002-02-12,M
1304,2014-09-10,F
1305,1966-06-30,M
1306,1986-06-09,F
1307,2012-11-23,M
1308,1976-06-27,F
1309,1991-02-20,F
1310,2024-11-30,M
1311,2017-11-10,F
1312,2012-06-06,M
1313,1965-08-17,M
1314,2001-01-24,M
1315,2024-11-08,F
1316,2010-09-21,M
1317,2003-10-14,F
1318,2022-10-06,F
1319,2022-04-03,M
1320,2008-04-03,F
1321,2010-04-18,M
1322,2008-01-23,M
1323,2010-09-14,M
1324,2011-10-21,M
1325,1970-03-25,M
1326,2009-09-16,M
1327,2013-09-26,M
1328,1972-04-22,M
1329,2014-04-02,M
1330,2016-07-27,M
1331,2019-05-18,F
1332,2024-03-18,F
1333,1983-12-19,F
1334,2022-10-05,M
1335,2001-05-05,F
1336,1982-08-05,M
1337,2016-05-21,M
1338,2008-12-06,F
1339,2008-03-06,M
1340,2011-03-18,F
1341,2012-03-09,F
1342,2019-01-21,M
1343,2015-05-22,M
1344,2015-11-10,M
1345,2019-01-24,M
1346,2017-06-27,F
1347,2009-03-18,F
1348,2020-09-20,M
1349,2015-02-28,M
1350,2010-10-05,M
1351,1957-12-16,M
1352,2012-11-12,M
1353,2011-12-06,F
1354,2014-01-10,F
1355,1969-02-24,M
1356,1986-01-18,F
1357,2019-04-17,M
1358,2017-08-07,M
1359,2019-05-27,M
1360,2012-09-07,M
1361,2010-05-04,F
1362,2023-09-05,M
1363,2019-07-07,M
1364,2019-09-17,M
1365,2016-08-13,F
1366,1981-08-02,M
1367,2017-04-22,m
1368,2025-04-07,M
1369,1986-08-16,F
1370,2023-07-23,F
1371,1969-01-27,M
1372,1980-03-14,F
1373,1994-02-25,M
1374,2017-09-10,F
1375,2014-03-14,M
1376,2019-11-17,F
1377,2010-09-02,F
1378,2025-02-09,F
1379,1990-01-26,M
1380,1968-11-07,F
1381,2021-08-25,M
1382,2013-05-02,M
1383,1958-10-26,M
1384,2002-11-20,M
1385,2021-08-16,M
1386,1967-02-19,F
1387,2015-05-21,F
1388,2023-12-11,F
1389,1954-08-12,M
1390,2022-01-29,M
1391,2006-04-20,M
1392,2018-10-05,F
1393,1977-04-20,M
1394,2015-10-13,M
1395,1984-11-17,M
1396,2017-11-29,F
1397,1968-03-31,M
1398,2012-03-25,F
1399,2008-09-19,M
1400,2024-11-09,M
1401,2011-07-17,M
1402,1980-01-05,F
1403,2016-02-06,F
1404,2018-06-19,M
1405,2012-05-10,M
1406,2024-03-07,F
1407,2019-04-07,F
1408,2013-09-28,F
1409,2011-01-24,F
1410,2022-11-16,F
1411,2012-04-25,F
1412,1986-12-09,M
1413,2014-01-01,M
1414,2016-04-14,M
1415,2020-12-15,M
1416,2025-05-19,M
1417,2010-09-30,F
1418,2017-02-03,M
1419,2001-03-31,M
1420,2008-03-26,F
1421,1964-06-29,F
1422,1956-06-28,F
1423,2018-09-21,M
1424,1958-10-09,F
1425,1950-05-22,M
1426,1956-09-26,M
1427,2009-10-14,F
1428,1956-09-25,M
1429,2016-03-01,M
1430,2025-01-20,M
1431,1973-05-21,M
1432,2022-10-17,F
1433,2010-04-13,F
1434,1999-12-06,M
1435,1959-03-08,F
1436,1995-10-21,F
1437,2011-12-06,F
1438,2015-09-22,M
1439,2009-06-30,M
1440,2010-02-02,F
1441,2011-08-09,M
1442,1965-08-15,F
1443,2016-12-07,M
1444,2013-05-13,M
1445,2020-01-23,F
1446,2010-12-09,F
1447,2013-05-14,F
1448,2012-02-18,F
1449,2014-05-29,F
1450,1971-12-27,M
1451,2019-03-11,F
1452,2009-03-26,M
1453,2020-04-08,M
1454,2021-02-19,F
1455,1994-08-01,F
1456,2008-09-05,M
1457,2015-09-30,M
1458,1960-10-17,M
1459,2022-09-24,M
1460,1962-04-15,M
1461,2018-02-26,F
1462,2024-05-14,M
1463,2013-09-04,M
1464,2016-07-19,F
1465,2019-11-25,M
1466,2022-04-23,F
1467,2018-02-09,M
1468,2010-04-22,F
1469,2011-08-02,F
1470,2023-10-29,M
1471,1993-03-29,M
1472,2019-07-24,F
1473,1988-04-05,M
1474,2025-03-03,F
1475,2010-11-16,M
1476,2009-01-28,F
1477,2021-11-19,M
1478,2018-03-18,M
1479,1975-04-05,F
1480,2023-07-20,M
1481,2008-09-08,F
1482,2014-06-25,F
1483,2023-12-11,M
1484,1962-09-27,F
1485,2022-12-13,F
1486,2007-11-12,F
1487,1958-01-08,F
1488,2014-04-01,F
1489,1969-10-06,M
1490,2024-08-19,F
1491,2018-08-22,M
1492,2013-04-18,F
1493,2007-05-29,M
1494,2016-11-26,F
1495,2020-05-14,M
1496,2021-07-14,F
1497,2010-09-02,M
1498,2023-09-27,M
1499,2023-06-26,M
1500,2014-08-27,M
1501,2022-11-14,F
1502,2024-05-06,M
1503,2012-06-02,F
1504,2015-09-30,M
1505,2020-08-11,F
1506,2023-02-25,F
1507,2012-04-25,M
1508,2016-01-07,M
1509,1978-06-25,F
1510,2022-09-09,F
1511,1989-02-06,M
1512,1987-07-28,F
1513,2010-01-10,M
1514,2013-09-22,F
1515,2021-02-09,M
1516,2015-10-07,M
1517,2020-06-12,F
1518,2016-11-22,M
1519,2009-09-21,F
1520,2023-09-24,F
1521,2010-03-27,M
1522,2012-11-10,M
1523,2016-09-25,M
1524,2016-12-27,F
1525,2010-03-03,M
1526,2017-04-28,M
1527,2014-03-29,F
1528,2003-04-12,F
1529,2009-11-02,F
1530,2025-04-30,M
1531,2002-03-08,M
1532,2017-03-06,F
1533,1965-02-01,F
1534,2012-09-26,F
1535,2019-01-27,M
1536,2021-10-08,F
1537,2023-01-31,F
1538,1959-07-16,F
1539,2012-08-30,M
1540,2020-12-28,M
1541,2019-05-26,F
1542,2020-03-16,F
1543,2021-12-05,M
1544,2021-12-26,F
1545,1970-09-05,F
1546,2012-03-18,F
1547,2021-09-24,M
1548,2015-09-15,F
1549,1996-12-03,F
1550,2019-07-31,M
1551,1988-11-13,F
1552,2016-10-17,M
1553,1958-08-10,M
1554,2014-03-29,M
1555,2000-04-30,M
1556,2011-11-13,M
1557,2024-02-24,M
1558,2023-11-18,M
1559,2014-04-23,M
1560,2017-08-07,M
1561,1971-07-15,F
1562,2015-12-15,M
1563,1961-09-04,F
1564,1977-08-08,F
1565,1957-03-17,M
1566,2010-01-31,M
1567,2015-09-11,F
1568,2012-03-03,F
1569,2016-06-07,F
1570,1998-03-15,M
1571,1956-11-06,F
1572,2021-12-13,F
1573,1999-09-14,F
1574,2024-01-26,F
1575,2010-11-07,M
1576,2019-07-20,F
1577,1955-08-19,F
1578,2010-03-28,F
1579,2014-10-22,M
1580,2024-08-06,M
1581,2023-11-21,M
1582,2009-01-16,F
1583,1962-12-27,M
1584,2017-05-21,F
1585,2023-06-05,M
1586,2023-08-21,M
1587,2011-02-04,M
1588,2008-05-16,F
1589,1961-04-24,M
1590,1997-12-24,M
1591,2014-09-07,M
1592,2020-05-16,M
1593,2011-07-05,M
1594,2016-01-13,M
1595,2019-04-24,F
1596,2022-11-12,F
1597,2019-10-27,F
1598,1986-02-23,M
1599,2009-05-30,M
1600,2021-08-15,M
1601,2009-06-13,F
1602,2014-03-07,F
1603,2008-10-27,M
1604,1965-09-04,M
1605,2010-07-11,F
1606,2018-05-15,M
1607,2022-07-15,F
1608,2025-05-21,M
1609,2010-08-21,M
1610,2010-02-25,M
1611,2025-03-11,M
1612,2018-12-18,M
1613,2016-03-10,F
1614,2023-02-10,F
1615,1969-03-02,M
1616,2018-07-01,F
1617,1974-01-17,F
1618,2023-01-05,M
1619,2021-01-30,M
1620,2016-07-26,M
1621,2012-11-07,F
1622,2009-09-02,F
1623,2012-08-23,M
1624,2020-03-10,M
1625,2022-09-24,M
1626,1973-01-11,M
1627,2001-01-22,M
1628,2016-12-04,F
1629,2019-06-10,F
1630,1993-01-24,M
1631,2016-03-30,F
1632,2004-02-02,M
1633,2018-02-18,M
1634,2020-07-12,F
1635,2022-12-27,M
1636,2017-06-04,M
1637,2023-09-20,F
1638,1987-02-07,M
1639,2018-03-23,F
1640,2018-07-04,m
1641,2025-05-30,F
1642,1950-03-17,M
1643,1954-05-11,M
1644,2008-08-12,M
1645,2010-02-01,M
1646,2023-09-10,M
1647,2008-06-07,F
1648,2011-07-28,F
1649,2023-08-13,F
1650,2020-10-22,M
1651,2019-01-25,M
1652,2024-03-02,F
1653,2010-04-24,F
1654,2021-06-28,M
1655,2005-11-10,M
1656,2005-01-11,F
1657,2017-05-23,M
1658,2018-10-31,M
1659,1974-01-30,F
1660,1966-07-16,F
1661,2006-11-22,F
1662,1978-12-25,F
1663,2011-09-01,F
1664,2023-10-09,F
1665,2022-10-09,M
1666,1970-02-25,M
1667,2012-06-11,F
1668,2010-04-11,F
1669,2018-04-15,M
1670,2011-07-04,F
1671,2013-09-11,M
1672,1978-03-06,M
1673,1988-08-18,F
1674,1988-10-22,M
1675,2014-06-26,F
1676,2010-07-21,F
1677,2003-06-17,M
1678,2008-05-25,M
1679,2013-09-22,M
1680,2009-07-14,M
1681,1968-08-04,M
1682,2025-01-03,M
1683,2023-06-03,F
1684,2008-04-13,M
1685,2008-09-13,M
1686,2025-04-24,F
1687,2014-11-21,M
1688,2016-01-21,M
1689,1995-06-22,F
1690,1969-07-07,F
1691,1975-04-15,M
1692,2014-09-25,F
1693,1958-04-20,M
1694,2009-01-05,F
1695,2018-02-06,F
1696,2021-11-12,masculin
1697,2022-02-17,M
1698,2008-10-23,F
1699,1950-05-09,M
1700,2020-11-13,F
1701,1981-12-31,F
1702,1980-09-21,M
1703,1971-01-03,F
1704,2005-01-12,F
1705,1983-09-29,M
1706,1993-03-17,F
1707,2010-10-23,m
1708,1985-06-13,F
1709,1950-08-21,M
1710,2012-05-29,M
1711,1997-07-30,F
1712,2010-08-11,M
1713,1970-06-19,F
1714,1964-11-03,M
1715,2006-07-03,F
1716,2015-06-28,M
1717,2011-09-29,M
1718,1973-11-26,F
1719,2015-04-08,F
1720,2013-02-05,M
1721,2023-02-23,F
1722,2011-09-22,F
1723,2022-04-12,F
1724,1999-05-19,M
1725,2010-01-18,M
1726,2025-03-28,M
1727,1962-01-29,F
1728,2023-04-25,F
1729,2008-06-03,M
1730,2014-09-18,F
1731,1977-06-17,F
1732,1991-07-16,M
1733,1951-10-14,F
1734,1961-10-10,M
1735,2009-12-24,M
1736,2019-02-13,F
1737,1969-10-07,F
1738,2025-03-15,F
1739,2018-07-19,F
1740,1962-02-25,F
1741,2007-02-18,M
1742,2019-10-21,F
1743,1958-06-05,M
1744,2011-07-07,F
1745,2023-07-29,M
1746,2021-09-25,M
1747,2016-01-31,M
1748,1963-03-26,F
1749,2014-08-22,F
1750,2015-06-19,M
1751,2021-06-21,F
1752,2024-03-05,M
1753,2012-05-05,F
1754,2009-11-27,F
1755,1987-05-29,F
1756,2020-04-11,M
1757,1963-09-28,M
1758,2019-07-28,M
1759,1973-07-20,F
1760,2008-01-23,F
1761,2014-05-25,F
1762,2022-12-01,F
1763,2018-07-22,F
1764,1972-10-28,M
1765,2024-02-14,F
1766,2024-09-04,M
1767,2022-09-28,M
1768,2010-08-12,Féminin
1769,1953-07-30,F
1770,2015-06-11,F
1771,2020-02-09,M
1772,2012-02-09,M
1773,2019-04-17,M
1774,1956-03-19,M
1775,1950-04-17,M
1776,1997-05-15,M
1777,2010-12-19,M
1778,2009-03-09,M
1779,2019-06-15,M
1780,2009-09-14,F
1781,2005-01-13,M
1782,2008-12-30,F
1783,1996-12-01,M
1784,1963-06-02,F
1785,2010-10-27,M
1786,1952-01-13,M
1787,1990-05-12,F
1788,2021-02-03,F
1789,1988-09-08,M
1790,2002-04-11,M
1791,2009-11-28,M
1792,2019-06-22,M
1793,1952-04-12,M
1794,2000-03-01,M
1795,2004-09-30,F
1796,1962-02-27,F
1797,2009-04-09,F
1798,2021-04-30,F
1799,2025-05-05,F
1800,2021-04-12,F
1801,1959-08-30,F
1802,2006-03-01,M
1803,2019-05-09,F
1804,2013-11-28,F
1805,1968-09-30,M
1806,2016-12-12,F
1807,2024-08-24,F
1808,2012-06-09,F
1809,2015-07-07,F
1810,1960-02-06,M
1811,2018-12-20,F
1812,2009-10-13,M
1813,1967-10-15,M
1814,2024-11-21,F
1815,1967-10-20,M
1816,2017-04-11,F
1817,1968-08-18,M
1818,2016-02-02,F
1819,1961-02-18,M
1820,2009-11-23,M
1821,2018-01-08,F
1822,2023-12-21,F
1823,2010-01-06,M
1824,2009-01-30,F
1825,1996-10-22,M
1826,2017-05-05,F
1827,2024-11-03,F
1828,2022-12-07,F
1829,1966-12-13,F
1830,1988-12-29,M
1831,1965-10-16,M
1832,1995-09-28,F
1833,1963-05-20,M
1834,2013-09-25,M
1835,2011-05-01,M
1836,2012-09-07,M
1837,2023-07-17,F
1838,2025-01-30,F
1839,2006-02-26,M
1840,2024-04-29,M
1841,2016-02-18,M
1842,1996-06-17,M
1843,1987-09-26,M
1844,2018-04-07,F
1845,2015-07-06,F
1846,1991-12-18,F
1847,2009-06-19,F
1848,2017-08-30,M
1849,2022-02-17,M
1850,2015-11-07,F
1851,2020-11-03,M
1852,2015-04-03,M
1853,2020-03-30,F
1854,2016-05-12,F
1855,2016-12-30,F
1856,2001-09-17,F
1857,2000-02-08,F
1858,1969-09-27,F
1859,1969-02-16,F
1860,2008-02-26,M
1861,2009-05-02,F
1862,1955-09-11,F
1863,2012-01-31,F
1864,2023-06-03,M
1865,2020-10-19,M
1866,1987-11-17,F
1867,2010-12-14,F
1868,2011-03-18,M
1869,1980-12-26,F
1870,1983-09-03,M
1871,1957-08-10,M
1872,2003-05-03,M
1873,1976-07-01,M
1874,2009-04-08,F
1875,1996-03-16,F
1876,2024-02-06,F
1877,2008-09-10,F
1878,2014-10-24,F
1879,2021-10-29,M
1880,2024-12-24,F
1881,2018-06-13,F
1882,2018-07-31,F
1883,2025-06-06,F
1884,2022-04-03,M
1885,2010-09-30,M
1886,2006-10-22,f
1887,1996-12-18,F
1888,2019-01-05,F
1889,2008-12-01,M
1890,2019-02-18,M
1891,2012-10-07,F
1892,2012-06-06,F
1893,1998-09-21,F
1894,2019-09-06,F
1895,1991-12-17,M
1896,1972-08-24,F
1897,2013-10-14,M
1898,1967-03-24,M
1899,2015-07-01,F
1900,2024-04-14,F
1901,2021-10-01,F
1902,2012-01-24,F
1903,1982-07-29,F
1904,1991-11-09,F
1905,1953-02-18,M
1906,1967-06-15,F
1907,1988-01-25,M
1908,1981-04-19,M
1909,2019-02-08,M
1910,2002-01-24,M
1911,2014-03-01,M
1912,2009-12-28,F
1913,1952-01-22,F
1914,2023-09-10,F
1915,2010-11-09,F
1916,2025-03-29,F
1917,2021-10-11,F
1918,2021-11-21,M
1919,1982-02-20,F
1920,1974-09-09,F
1921,2014-07-21,M
1922,1982-03-14,F
1923,2024-01-28,F
1924,2010-03-17,F
1925,2005-09-04,M
1926,1979-03-10,F
1927,2016-02-06,M
1928,1995-07-23,F
1929,2023-11-18,F
1930,2014-12-18,M
1931,2020-08-22,F
1932,1988-08-29,F
1933,2009-05-29,M
1934,2014-05-06,F
1935,2022-10-04,F
1936,1977-01-19,M
1937,2013-01-01,M
1938,2016-04-14,F
1939,2022-04-09,F
1940,1988-10-12,M
1941,2010-01-29,M
1942,2015-05-03,M
1943,2002-05-02,M
1944,2025-04-26,F
1945,2016-09-03,M
1946,2018-01-29,M
1947,1980-04-06,F
1948,2010-05-29,F
1949,1995-10-07,F
1950,1986-09-06,F
1951,1966-08-27,M
1952,2012-08-01,M
1953,2025-03-12,M
1954,2008-11-24,M
1955,2012-07-05,M
1956,2008-12-20,M
1957,2003-09-22,M
1958,2009-04-04,M
1959,2013-12-11,F
1960,2025-05-18,F
1961,2012-12-18,F
1962,2022-07-04,M
1963,2012-10-01,F
1964,2022-11-22,M
1965,2021-01-11,F
1966,2008-01-27,F
1967,2012-05-27,F
1968,2019-05-12,F
1969,1997-02-04,M
1970,2014-04-30,M
1971,2021-03-28,M
1972,1960-01-16,M
1973,2008-11-20,M
1974,2014-03-17,F
1975,2011-09-15,M
1976,2024-12-31,M
1977,2013-07-21,M
1978,2015-11-26,M
1979,2025-01-08,F
1980,2003-03-15,M
1981,2019-10-07,F
1982,2006-11-23,M
1983,2016-11-14,M
1984,2016-08-19,M
1985,2013-08-08,M
1986,2024-07-21,M
1987,2015-07-13,F
1988,2017-09-01,F
1989,2011-10-26,M
1990,2014-10-09,F
1991,2021-12-31,M
1992,2014-02-15,M
1993,1958-10-29,F
1994,1971-02-27,F
1995,1972-08-03,F
1996,2024-12-28,M
1997,2017-07-26,M
1998,2016-04-22,F
1999,1989-03-12,m
2000,2015-02-26,F
2001,2023-01-15,M
2002,1970-09-21,M
2003,1981-01-21,M
2004,1966-12-13,F
2005,2024-10-07,M
2006,2024-12-17,M
2007,2011-03-12,M
2008,1960-10-07,M
2009,2010-05-11,F
2010,2016-05-07,M
2011,2017-06-24,F
2012,2016-11-10,F
2013,2003-10-27,F
2014,1969-07-14,M
2015,2014-03-02,M
2016,1953-08-05,M
2017,2014-04-03,F
2018,2017-06-06,F
2019,2015-10-23,M
2020,2024-05-15,F
2021,2019-01-11,M
2022,2017-03-03,M
2023,2013-10-20,M
2024,2013-01-10,M
2025,2021-05-04,m
2026,2023-04-03,F
2027,1963-11-22,F
2028,2008-08-15,F
2029,1965-11-02,M
2030,2023-05-16,M
2031,1979-07-23,m
2032,2010-05-22,M
2033,2015-10-16,F
2034,2019-02-24,M
2035,2013-09-04,M
2036,2020-04-02,F
2037,1976-01-16,M
2038,2011-07-11,M
2039,2017-11-16,M
2040,2016-05-03,F
2041,2010-12-23,F
2042,2018-05-09,M
2043,2020-05-22,F
2044,2025-05-19,F
2045,2013-12-10,F
2046,2015-12-30,F
2047,1970-06-07,M
2048,2025-03-16,M
2049,2008-08-13,M
2050,2005-12-19,M
2051,1950-04-10,F
2052,2019-07-06,F
2053,2017-10-25,M
2054,2024-07-02,M
2055,2011-05-23,M
2056,2012-10-08,F
2057,2009-07-13,F
2058,1966-07-24,M
2059,2008-02-26,M
2060,2012-08-10,F
2061,2014-03-27,M
2062,1975-06-15,M
2063,2016-05-27,M
2064,2004-03-21,F
2065,2020-08-18,F
2066,2022-12-15,M
2067,2022-12-20,M
2068,2024-07-15,F
2069,2021-04-22,M
2070,2017-04-15,M
2071,2008-11-02,Homme
2072,2016-12-24,M
2073,2009-09-04,M
2074,2015-05-12,F
2075,1998-03-12,M
2076,1988-10-09,F
2077,2019-10-12,M
2078,1961-05-31,M
2079,2015-11-22,F
2080,2023-03-18,f
2081,2022-06-05,F
2082,2024-09-21,M
2083,2021-11-24,F
2084,1956-03-10,F
2085,2014-06-17,M
2086,2013-06-08,M
2087,2023-02-07,F
2088,2008-04-26,M
2089,1981-09-25,M
2090,2024-12-17,F
2091,2015-01-22,F
2092,2018-11-30,F
2093,2017-10-30,F
2094,1981-12-08,F
2095,2024-11-02,Homme
2096,2004-05-05,M
2097,2017-08-27,M
2098,1996-08-24,M
2099,2017-07-31,M
2100,1998-11-05,F
2101,2021-09-05,F
2102,2016-03-25,F
2103,2017-07-25,F
2104,1983-10-02,F
2105,2021-11-17,M
2106,2016-02-04,M
2107,2003-08-19,M
2108,2008-08-13,F
2109,2009-02-09,M
2110,2011-08-31,F
2111,1955-09-03,F
2112,2009-06-25,M
2113,1989-06-20,M
2114,1990-03-06,M
2115,1980-01-30,M
2116,1958-08-26,M
2117,2011-06-03,F
2118,2022-06-14,M
2119,2024-04-03,F
2120,2023-03-11,M
2121,1970-04-03,M
2122,2023-07-02,F
2123,2012-11-13,M
2124,2010-06-30,F
2125,2024-08-07,F
2126,1977-09-06,M
2127,2017-06-08,M
2128,2023-09-13,M
2129,2024-04-22,M
2130,1955-05-23,F
2131,2022-04-12,M
2132,2014-01-18,M
2133,2021-06-22,M
2134,1970-08-16,F
2135,2006-10-05,M
2136,1957-10-24,F
2137,1999-06-01,F
2138,2011-08-20,M
2139,2009-05-02,F
2140,2012-01-10,M
2141,2021-09-30,M
2142,2013-05-22,F
2143,2016-01-04,M
2144,1962-07-15,F
2145,2022-09-08,F
2146,2024-02-02,M
2147,2018-03-01,M
2148,1980-12-09,M
2149,2024-02-10,F
2150,2009-07-04,M
2151,2009-08-17,F
2152,2015-10-10,M
2153,2011-03-19,F
2154,2013-07-26,M
2155,2019-05-25,M
2156,1995-10-28,M
2157,1990-06-19,M
2158,2013-01-12,F
2159,2023-04-20,M
2160,2008-04-08,F
2161,2014-09-06,F
2162,2015-04-15,M
2163,2011-07-21,F
2164,2024-01-31,M
2165,2011-06-26,F
2166,2026-09-25,M
2167,2011-08-03,F
2168,2014-03-15,F
2169,2020-09-22,M
2170,2017-03-06,M
2171,1989-10-18,M
2172,2017-03-10,M
2173,2022-10-15,F
2174,2024-04-11,F
2175,2019-04-10,M
2176,2017-05-30,F
2177,2017-11-21,M
2178,2014-03-13,F
2179,2011-09-22,F
2180,2018-07-02,M
2181,1977-10-15,F
2182,2010-08-18,F
2183,2000-02-14,F
2184,2016-01-07,M
2185,2021-05-23,F
2186,2025-03-03,F
2187,1959-03-30,F
2188,2017-04-12,M
2189,2017-08-09,M
2190,1969-05-05,F
2191,2010-02-25,F
2192,2023-12-26,M
2193,2009-06-11,M
2194,2021-09-25,M
2195,2009-10-01,F
2196,1963-08-29,F
2197,1971-06-29,M
2198,2013-04-08,F
2199,2016-06-26,M
2200,1974-07-26,F
2201,2024-12-14,F
2202,2015-08-15,F
2203,2020-05-22,F
2204,2023-01-22,F
2205,2017-08-24,F
2206,2016-10-24,F
2207,2010-11-14,M
2208,2010-05-08,M
2209,2009-04-20,M
2210,2019-08-04,F
2211,2017-11-22,M
2212,2016-12-23,F
2213,2019-07-22,M
2214,2021-06-16,M
2215,2022-09-03,F
2216,2010-02-09,F
2217,1996-07-20,F
2218,2009-07-13,M
2219,2013-11-30,F
2220,2011-03-22,F
2221,2023-08-09,M
2222,2017-05-03,M
2223,2021-08-14,F
2224,2024-08-13,M
2225,1989-12-15,M
2226,2021-03-01,M
2227,2013-01-12,F
2228,1991-09-15,M
2229,1979-03-25,F
2230,1995-12-20,M
2231,2012-02-22,M
2232,2022-08-15,F
2233,2000-04-01,M
2234,2024-06-26,F
2235,2010-11-03,M
2236,2022-07-15,F
2237,2009-12-31,M
2238,2026-09-13,M
2239,2020-06-17,M
2240,2008-04-26,F
2241,2026-11-18,F
2242,2022-05-22,F
2243,1990-03-12,M
2244,2023-06-25,M
2245,2010-09-09,M
2246,1977-03-15,M
2247,2010-12-02,M
2248,1982-07-28,M
2249,2015-01-02,F
2250,2008-05-04,F
2251,1992-03-02,F
2252,2020-08-25,F
2253,2021-12-07,M
2254,2012-03-23,M
2255,2025-02-20,F
2256,2017-09-08,M
2257,1975-08-08,F
2258,2001-09-11,F
2259,2007-11-26,M
2260,1957-01-13,F
2261,1965-07-07,M
2262,2019-02-01,M
2263,2022-03-02,M
2264,2013-12-12,F
2265,2002-11-08,M
2266,1980-12-24,F
2267,2017-09-09,F
2268,2025-03-31,F
2269,2013-12-04,F
2270,2013-06-29,M
2271,1958-05-26,M
2272,2023-08-25,F
2273,2023-08-28,M
2274,1954-10-30,F
2275,1967-07-14,M
2276,2018-07-07,M
2277,2021-07-28,F
2278,2010-11-20,F
2279,1956-01-18,F
2280,2022-12-12,F
2281,2022-12-26,M
2282,1981-06-16,M
2283,2020-08-09,F
2284,2016-08-12,M
2285,2020-11-15,M
2286,2020-04-27,M
2287,1950-05-08,M
2288,2020-10-30,m
2289,2022-06-24,F
2290,2024-03-17,M
2291,2009-10-12,M
2292,2016-03-03,M
2293,2011-01-08,M
2294,1991-09-22,M
2295,1984-07-10,F
2296,1954-02-28,M
2297,2015-10-02,M
2298,2022-04-19,M
2299,2024-08-19,F
2300,1986-09-02,F
2301,2008-08-18,F
2302,2024-04-05,F
2303,1988-02-19,F
2304,2016-12-13,M
2305,2022-10-12,M
2306,2008-04-22,F
2307,2017-10-17,M
2308,1995-06-01,M
2309,2019-10-02,F
2310,1953-02-16,F
2311,2016-06-11,F
2312,2015-10-31,F
2313,2017-05-12,M
2314,1975-08-23,M
2315,2021-04-29,F
2316,2023-02-27,M
2317,2014-02-21,F
2318,2008-09-24,F
2319,2018-07-16,F
2320,2024-04-27,M
2321,2023-12-30,M
2322,2010-04-14,F
2323,2014-04-09,F
2324,2022-12-26,M
2325,2017-06-04,M
2326,2019-02-02,F
2327,2015-03-31,M
2328,2017-06-24,M
2329,2008-12-09,F
2330,2009-03-02,F
2331,2011-10-10,F
2332,2011-12-01,M
2333,2014-01-06,M
2334,2015-11-10,F
2335,1994-11-03,F
2336,2011-04-01,F
2337,1985-10-05,F
2338,2008-03-04,F
2339,1982-09-23,M
2340,2008-08-18,F
2341,2018-06-02,F
2342,1960-03-02,M
2343,1977-05-24,M
2344,1973-08-28,M
2345,2008-03-01,F
2346,2023-01-27,F
2347,1955-02-19,F
2348,2025-02-04,M
2349,1992-06-09,M
2350,2014-08-04,F
2351,2023-07-01,M
2352,1971-09-21,M
2353,2025-03-06,F
2354,1983-04-18,M
2355,2016-02-20,M
2356,2023-08-15,M
2357,2019-11-25,F
2358,2015-10-08,F
2359,2010-10-02,F
2360,2010-04-09,M
2361,2023-11-25,M
2362,2001-07-23,F
2363,2018-04-29,F
2364,2018-08-30,F
2365,2011-10-25,F
2366,2008-04-07,F
2367,2022-07-26,F
2368,2016-11-15,M
2369,1996-03-30,F
2370,2022-11-10,M
2371,2018-12-28,F
2372,2009-01-04,M
2373,2016-01-29,M
2374,2018-02-05,F
2375,2024-10-06,M
2376,1983-03-10,M
2377,2008-07-15,F
2378,2020-01-04,F
2379,2023-08-17,F
2380,2023-04-12,M
2381,2009-08-01,F
2382,2018-04-14,F
2383,2007-09-29,M
2384,2003-06-11,M
2385,2025-01-22,M
2386,2026-01-17,M
2387,2020-08-16,F
2388,2018-01-13,M
2389,2018-10-17,M
2390,1972-12-21,M
2391,2013-12-28,F
2392,2015-06-28,F
2393,1988-10-15,M
2394,2009-06-13,M
2395,2010-03-22,F
2396,2012-05-30,F
2397,2009-07-12,M
2398,2010-02-24,M
2399,2000-01-11,M
2400,2013-06-18,M
2401,1993-09-23,M
2402,1957-06-27,M
2403,2016-11-15,F
2404,1979-01-02,F
2405,2008-08-15,M
2406,2017-04-12,M
2407,2022-01-24,M
2408,2014-02-17,M
2409,2015-05-29,M
2410,1986-04-13,M
2411,1965-11-10,M
2412,2008-02-15,F
2413,2020-12-07,F
2414,1978-12-05,M
2415,2013-03-20,F
2416,2005-10-25,F
2417,2019-12-18,M
2418,1986-03-12,F
2419,2005-07-16,M
2420,1981-02-24,M
2421,2016-06-04,M
2422,2014-01-06,F
2423,2000-07-23,F
2424,2004-08-27,F
2425,2018-06-26,F
2426,2012-03-20,M
2427,2008-01-22,F
2428,2017-10-25,M
2429,2021-12-16,F
2430,2008-12-07,M
2431,1968-03-21,M
2432,2014-06-10,M
2433,2021-05-15,M
2434,1976-05-02,M
2435,1970-06-24,M
2436,2020-10-13,F
2437,1971-12-30,F
2438,2019-05-10,M
2439,2008-08-30,F
2440,2020-03-16,F
2441,2014-05-27,femme
2442,2012-02-06,F
2443,2009-10-19,M
2444,2011-01-31,M
2445,2024-03-14,F
2446,2008-04-21,M
2447,2014-09-29,M
2448,1998-02-14,F
2449,2019-02-25,M
2450,2008-02-03,F
2451,2008-10-24,F
2452,2010-02-26,F
2453,2012-06-05,M
2454,2011-12-13,F
2455,2021-06-12,M
2456,1954-06-18,F
2457,2019-02-07,F
2458,2019-10-13,M
2459,2005-08-27,M
2460,2011-11-24,M
2461,2019-05-07,F
2462,1997-06-10,M
2463,2013-12-12,F
2464,2018-02-01,F
2465,1966-05-16,F
2466,2007-01-10,F
2467,2010-12-02,F
2468,2021-12-09,F
2469,1967-07-06,M
2470,1982-07-04,F
2471,2021-07-13,M
2472,2022-07-11,F
2473,2022-02-20,M
2474,2020-06-23,F
2475,2009-12-28,M
2476,2008-02-15,M
2477,1967-03-07,F
2478,2009-09-24,M
2479,2023-07-29,M
2480,2017-09-18,F
2481,2023-10-07,F
2482,2021-05-17,M
2483,2018-04-27,M
2484,2020-04-28,M
2485,2014-12-22,M
2486,1990-02-07,M
2487,1969-05-21,F
2488,2025-02-24,M
2489,2018-01-29,F
2490,2006-02-27,F
2491,1954-06-26,M
2492,2018-07-07,F
2493,2015-10-18,M
2494,2015-10-07,M
2495,1986-03-15,F
2496,2018-08-14,M
2497,2012-11-02,F
2498,1988-10-18,M
2499,1996-12-09,M
2500,1984-02-21,M
