treatment_id,patient_id,atc_code,treatment,start_date,end_date
1,235,R03AC02,salbutamol,2024-06-14,2024-09-23
2,2092,R03BA05,fluticasone,2021-09-27,
3,1454,R03AC02,salbutamol,2024-03-19,2024-08-23
4,1287,R03AC02,salbutamol,2025-01-08,2025-05-25
5,1404,R03AC02,salbutamol,2022-08-12,2022-08-23
6,427,R03AC02,salbutamol,2025-04-26,2025-08-11
7,1428,R03BA02,budésonide,2022-03-21,2023-02-03
8,1524,R03AC02,salbutamol,2023-04-28,2023-07-20
9,212,R03BA05,fluticasone,2021-04-18,2022-04-08
10,1496,R03AC02,salbutamol,2025-05-17,2025-06-02
11,2106,R03DC03,montélukast,2020-12-27,2021-06-20
12,1199,R03AK06,salmétérol + fluticasone,2022-02-08,2023-05-12
13,1145,R03AC02,salbutamol,2024-08-25,2025-01-01
14,1364,R03AC02,salbutamol,2022-11-12,2023-02-28
15,1514,R03AC02,salbutamol,2023-03-18,
16,2402,R03AC02,salbutamol,2023-04-13,2023-05-09
17,2154,R03AC02,salbutamol,2022-05-07,2022-07-09
18,652,R03BA05,fluticasone,2025-04-15,2025-12-31
19,1751,R03BA01,béclométasone,2024-08-26,2025-07-29
20,1640,R03AC02,salbutamol,2023-10-08,2024-02-28
21,920,R03AC02,salbutamol,2024-06-14,2024-06-24
22,658,R03AC02,salbutamol,2021-11-05,2021-12-26
23,119,R03AC02,salbutamol,2024-01-07,2024-03-20
24,1494,R03AC02,salbutamol,2022-09-10,2022-12-07
25,958,R03AC02,salbutamol,2023-06-14,2023-11-15
26,2124,R03AC02,salbutamol,2022-02-01,2022-04-17
27,225,R03AC02,salbutamol,2025-11-26,2025-12-16
28,1197,R03AC02,salbutamol,2024-02-11,2024-03-22
29,767,R03AC02,salbutamol,2024-06-30,2024-09-22
30,419,R03AC02,salbutamol,2023-11-19,2024-03-30
31,1515,R03BA05,fluticasone,2024-06-07,2024-12-01
32,1941,R03AC02,salbutamol,2023-07-24,
33,1962,R03BA05,fluticasone,2024-07-28,2025-12-31
34,772,R03AC02,salbutamol,2019-09-26,2019-12-22
35,696,R03AC02,salbutamol,2023-06-21,2023-07-12
36,1845,R03AC02,salbutamol,2024-04-25,2024-08-14
37,1941,R03BA05,fluticasone,2023-08-10,2024-02-15
38,1882,R03AC02,salbutamol,2023-02-06,2023-07-25
39,139,R03AC02,salbutamol,2024-10-01,2025-01-20
40,1709,R03BA02,budésonide,2020-04-25,2021-06-09
41,1588,R03AC02,salbutamol,2021-12-16,2022-03-31
42,1427,R03AC02,salbutamol,2022-05-23,2022-11-16
43,1399,R03DC03,montélukast,2020-08-16,2021-07-21
44,2499,R03AK07,formotérol + budésonide,2024-11-04,2025-11-03
45,2045,R03BA01,béclométasone,2024-03-04,
46,1541,R03BA02,budésonide,2022-08-14,2023-11-13
47,2185,R03AC02,salbutamol,2023-08-30,2023-09-10
48,2268,R03AC02,salbutamol,2025-06-15,2025-07-03
49,1619,R03AC02,salbutamol,2024-12-20,2025-03-27
50,1415,R03BA01,béclométasone,2024-02-08,2025-04-18
51,1544,R03AC02,salbutamol,2024-07-20,2024-09-06
52,1197,R03BA05,fluticasone,2024-02-11,2025-02-25
53,783,R03DC03,montélukast,2025-01-13,2025-08-24
54,2082,R03AC02,salbutamol,2025-07-17,2025-08-03
55,2066,R03AC02,salbutamol,2024-09-21,2024-10-04
56,387,R03AC02,salbutamol,2023-10-15,2023-12-09
57,737,R03AC02,salbutamol,2019-06-14,2019-09-02
58,156,R03AC02,salbutamol,2022-05-14,2022-09-10
59,573,R03DC03,montélukast,2019-09-22,2020-07-31
60,2336,R03DC03,montélukast,2021-09-01,2021-12-24
61,1778,R03AC02,salbutamol,2021-01-05,2021-03-05
62,1114,R03AC02,salbutamol,2022-12-24,
63,2368,R03BA02,budésonide,2022-08-04,2023-05-15
64,1559,R03DC03,montélukast,2023-09-21,2024-08-01
65,1761,R03AC02,salbutamol,2023-10-28,2023-11-30
66,2431,R03AC02,salbutamol,2023-03-06,2023-07-19
67,1544,R03AK06,salmétérol + fluticasone,2024-07-20,2025-08-08
68,1499,R03BA01,béclométasone,2025-07-15,2025-12-31
69,970,R03AC02,salbutamol,2025-07-24,2025-10-18
70,1320,R03AC02,salbutamol,2021-01-18,2021-01-28
71,1698,R03AK06,salmétérol + fluticasone,2023-07-27,2025-03-03
72,2414,R03BA02,budésonide,2023-11-07,2025-06-16
73,2426,R03AC02,salbutamol,2019-08-13,2019-12-04
74,861,R03AC02,salbutamol,2019-10-10,2019-11-08
75,1415,R03AC02,salbutamol,2024-02-08,2024-08-19
76,2205,R03AC02,salbutamol,2023-05-25,2023-11-24
77,2340,R03AC02,salbutamol,2024-12-22,2025-02-28
78,1614,R03AC02,salbutamol,2023-06-08,2023-06-22
79,230,R03AC02,salbutamol,2019-06-22,2019-08-09
80,1358,R03AC02,salbutamol,2023-10-27,2023-11-16
81,1419,R03BA01,béclométasone,2021-11-08,2022-06-25
82,744,R03AC02,salbutamol,2022-09-30,2023-04-01
83,886,R03AK06,salmétérol + fluticasone,2020-03-06,2021-10-24
84,2141,R03AC02,salbutamol,2024-11-19,2025-03-15
85,205,R03AC02,salbutamol,2023-07-17,2023-08-21
86,1688,R03AC02,salbutamol,2023-04-06,2023-10-14
87,2368,R03AC02,salbutamol,2022-08-04,2022-11-01
88,1012,R03AC02,salbutamol,2024-06-07,2024-07-18
89,1068,R03BA02,budésonide,2022-10-08,2023-11-05
90,2316,R03BA02,budésonide,2025-07-04,2025-12-31
91,451,R03BA01,béclométasone,2019-12-28,2021-02-10
92,2215,R03AC02,salbutamol,2025-01-04,2025-01-18
93,1751,R03AC02,salbutamol,2024-08-26,2025-03-13
94,1675,R03AC02,salbutamol,2025-05-06,2025-07-17
95,1375,R03AC02,salbutamol,2021-10-29,2021-10-12
96,2162,R03AC02,salbutamol,2022-11-21,2023-01-28
97,630,R03BA01,béclométasone,2023-05-13,
98,2138,R03BA02,budésonide,2024-07-27,2025-12-17
99,1195,R03BA05,fluticasone,2020-09-17,2022-01-19
100,2194,R03AC02,salbutamol,2025-06-04,2025-11-09
101,759,R03AC02,salbutamol,2019-09-23,2020-01-07
102,988,R03AC02,salbutamol,2019-12-12,2019-12-22
103,2189,R03AK07,formotérol + budésonide,2022-12-20,2024-09-22
104,1784,R03AK07,formotérol + budésonide,2024-06-03,2025-06-04
105,1983,R03AC02,salbutamol,2023-08-20,2023-09-03
106,1882,R03AK07,formotérol + budésonide,2023-02-06,2024-06-06
107,1651,R03BA05,fluticasone,2024-04-07,2024-10-31
108,90,R03AK06,salmétérol + fluticasone,2024-05-03,2025-01-19
109,2482,R03AC02,salbutamol,2024-11-18,2024-12-09
110,1504,R03AC02,salbutamol,2020-07-18,2020-07-30
111,978,R03AC02,salbutamol,2023-05-28,2023-10-22
112,2439,R03DC03,montélukast,2025-02-24,2025-05-26
113,557,R03AC02,salbutamol,2022-10-08,2022-11-18
114,890,R03AC02,salbutamol,2020-06-09,2020-11-18
115,826,R03AC02,salbutamol,2021-12-12,2022-01-02
116,1431,R03BA02,budésonide,2024-01-24,2025-02-24
117,2102,R03BA02,budésonide,2020-11-07,2022-03-01
118,1177,R03AC02,salbutamol,2024-12-12,2025-03-02
119,1237,R03AC02,salbutamol,2022-09-05,2022-10-16
120,1199,R03AC02,salbutamol,2022-02-08,2022-08-27
121,2133,R03AC02,salbutamol,2023-03-22,2023-04-09
122,765,R03AC02,salbutamol,2024-07-18,2025-02-01
123,1431,R03AC02,salbutamol,2024-01-24,2024-06-07
124,1157,R03BA02,budésonide,2024-10-10,2025-07-05
125,451,R03AC02,salbutamol,2019-12-08,2020-01-12
126,1339,R03AC02,salbutamol,2020-04-29,
127,1119,R03AC02,salbutamol,2019-02-11,2019-02-18
128,1009,R03AC02,salbutamol,2025-01-25,2025-05-14
129,2155,R03AC02,salbutamol,2024-01-29,2024-04-05
130,1744,R03AC02,salbutamol,2024-08-27,2024-11-23
131,1143,R03AC02,salbutamol,2022-11-15,2022-10-08
132,1037,R03AC02,salbutamol,2020-06-24,2020-10-23
133,1027,R03BA05,fluticasone,2023-09-29,2025-01-17
134,751,R03AC02,salbutamol,2020-02-17,2020-06-17
135,1754,R03AK07,formotérol + budésonide,2019-07-06,2020-10-20
136,2392,R03BA02,budésonide,2022-11-21,2023-10-06
137,2222,R03BA02,budésonide,2023-07-12,2023-10-12
138,1418,R03DC03,montélukast,2020-07-21,2021-05-03
139,1695,R03AC02,salbutamol,2020-02-22,2020-03-19
140,460,R03BA05,fluticasone,2021-01-16,2021-10-27
141,1579,R03BA02,budésonide,2021-02-10,2021-12-01
142,1592,R03AK07,formotérol + budésonide,2023-12-13,2025-05-28
143,1454,R03BA01,béclométasone,2024-03-19,2024-08-28
144,413,R03AC02,salbutamol,2019-07-04,2019-07-19
145,1592,R03AC02,salbutamol,2023-12-13,2024-05-13
146,1728,R03BA01,béclométasone,2025-06-23,2025-12-31
147,352,R03AC02,salbutamol,2020-11-18,2021-03-22
148,2138,R03AC02,salbutamol,2024-07-27,
149,1399,R03BA02,budésonide,2020-06-14,2021-07-22
150,1542,R03BA01,béclométasone,2023-11-27,2025-03-03
151,154,R03AC02,salbutamol,2021-07-02,2021-07-13
152,857,R03AC02,salbutamol,2022-01-19,
153,598,R03AC02,salbutamol,2019-11-19,2020-02-01
154,395,R03AC02,salbutamol,2023-10-07,2023-12-07
155,2053,R03AC02,salbutamol,2024-06-25,2024-07-24
156,1654,R03AC02,salbutamol,2024-11-11,2025-01-23
157,2132,R03AC02,salbutamol,2024-05-15,2024-06-06
158,573,R03AC02,salbutamol,2019-08-23,2019-11-05
159,1068,R03AC02,salbutamol,2022-10-08,2023-01-06
160,1686,R03AC02,salbutamol,2025-05-01,2025-05-17
161,1735,R03AC02,salbutamol,2024-01-18,2024-03-28
162,262,R03AC02,salbutamol,2025-01-03,2025-03-06
163,1798,R03AC02,salbutamol,2023-08-31,2023-12-06
164,2447,R03BA05,fluticasone,2023-10-09,2024-09-04
165,2396,R03AC02,salbutamol,2022-06-24,2022-09-21
166,1273,R03AC02,salbutamol,2024-09-10,2024-10-15
167,1961,R03BA02,budésonide,2023-03-11,2024-06-01
168,1836,R03AC02,salbutamol,2021-08-24,2021-10-28
169,561,R03AC02,salbutamol,2024-05-30,2024-06-15
170,1452,R03AC02,salbutamol,2020-06-24,2020-07-04
171,2091,R03BA02,budésonide,2023-06-12,2023-11-26
172,1730,R03AC02,salbutamol,2020-12-07,2021-01-10
173,1938,R03AC02,salbutamol,2021-02-16,2021-03-05
174,1669,R03BA02,budésonide,2022-04-07,2023-08-21
175,1399,R03AC02,salbutamol,2020-06-14,2020-11-03
176,2453,R03BA01,béclométasone,2021-04-04,2021-08-25
177,1234,R03AC02,salbutamol,2021-07-17,2021-07-31
178,604,R03AC02,salbutamol,2022-03-10,2022-06-25
179,848,R03BA01,béclométasone,2020-02-14,2021-05-13
180,2105,R03AC02,salbutamol,2024-02-12,2024-03-01
181,771,R03AC02,salbutamol,2020-10-17,2020-12-07
182,1374,R03DC03,montélukast,2022-08-08,2023-07-03
183,1125,R03AC02,salbutamol,2020-05-18,2020-06-04
184,2229,R03DC03,montélukast,2022-07-02,2023-05-24
185,2229,R03AC02,salbutamol,2022-05-01,2022-10-09
186,1037,R03BA02,budésonide,2020-06-24,2021-12-30
187,2172,R03BA01,béclométasone,2025-03-30,
188,539,R03AC02,salbutamol,2021-06-27,2021-09-07
189,357,R03AC02,salbutamol,2024-07-04,2024-09-22
190,1153,R03AC02,salbutamol,2023-12-26,2024-01-13
191,1878,R03AC02,salbutamol,2020-05-15,2020-08-09
192,819,R03AK07,formotérol + budésonide,2024-11-02,2025-12-31
193,1367,R03AC02,salbutamol,2023-04-17,2023-04-29
194,2040,R03AC02,salbutamol,2022-07-18,2022-05-10
195,1475,R03AC02,salbutamol,2025-10-04,2025-10-11
196,205,R03AK06,salmétérol + fluticasone,2023-07-17,2024-05-18
197,399,R03AC02,salbutamol,2025-06-21,2025-09-02
198,2102,R03AC02,salbutamol,2020-10-18,2020-11-25
199,604,R03BA05,fluticasone,2022-03-12,2022-11-05
200,960,R03BA05,fluticasone,2021-01-02,2022-06-09
201,2092,R03DC03,montélukast,2021-11-23,2022-03-09
202,1494,R03BA02,budésonide,2022-09-28,2023-09-27
203,201,R03AC02,salbutamol,2025-02-13,2025-04-01
204,331,R03BA01,béclométasone,2021-11-24,2022-07-08
205,778,R03AC02,salbutamol,2019-08-16,2019-09-24
206,2001,R03AC02,salbutamol,2023-04-06,2023-04-17
207,553,R03BA01,béclométasone,2020-08-23,2021-12-08
208,202,R03AC02,salbutamol,2020-12-15,2021-01-09
209,1015,R03AC02,salbutamol,2020-06-19,2020-06-29
210,2329,R03AC02,salbutamol,2024-02-01,2024-02-09
211,1464,R03BA05,fluticasone,2021-12-13,2022-10-13
212,300,R03AC02,salbutamol,2022-09-12,2023-02-12
213,1414,R03AC02,salbutamol,2023-03-17,2023-06-13
214,2447,R03AC02,salbutamol,2023-09-26,2023-12-08
215,208,R03AC02,salbutamol,2020-04-25,2020-06-10
216,510,R03BA05,fluticasone,2021-03-30,2022-09-03
217,809,R03BA02,budésonide,2021-04-28,2022-02-26
218,5,R03BA05,fluticasone,2019-11-11,2020-05-31
219,598,R03BA01,béclométasone,2019-12-07,2021-02-17
220,343,R03AC02,salbutamol,2023-01-31,2023-02-11
221,91,R03DC03,montélukast,2025-06-12,2025-10-02
222,437,R03AC02,salbutamol,2021-01-28,2021-07-25
223,90,R03AC02,salbutamol,2024-05-03,2024-11-06
224,2338,R03AC02,salbutamol,2024-02-01,2024-05-10
225,547,R03AC02,salbutamol,2020-09-16,2020-11-18
226,747,R03AC02,salbutamol,2020-09-23,2020-10-25
227,1768,R03AC02,salbutamol,2024-11-08,2025-05-13
228,990,R03AC02,salbutamol,2024-05-01,2024-05-18
229,300,R03BA05,fluticasone,2022-09-12,2023-12-28
230,2278,R03AC02,salbutamol,2019-09-21,2019-10-01
231,1445,R03AC02,salbutamol,2021-08-17,2021-09-02
232,783,R03AC02,salbutamol,2024-11-20,2025-04-07
233,819,R03AC02,salbutamol,2024-11-02,2025-03-07
234,414,R03AC02,salbutamol,2025-05-31,2025-06-09
235,1505,R03AC02,salbutamol,2023-11-26,2024-03-17
236,1767,R03AC02,salbutamol,2025-03-18,2025-04-05
237,281,R03AC02,salbutamol,2023-04-23,2023-09-11
238,309,R03BA05,fluticasone,2022-04-03,2023-03-16
239,389,R03AC02,salbutamol,2024-10-29,2025-01-14
240,2422,R03AC02,salbutamol,2024-03-17,2024-06-20
241,434,R03AC02,salbutamol,2022-06-10,2022-08-01
242,1968,R03AK07,formotérol + budésonide,2021-12-25,2022-07-21
243,769,R03AC02,salbutamol,2024-07-15,2024-11-23
244,1562,R03DC03,montélukast,2023-03-21,2024-04-15
245,478,R03AC02,salbutamol,2023-12-24,2024-04-18
246,1352,R03BA02,budésonide,2024-06-14,2025-02-11
247,2232,R03BA05,fluticasone,2025-06-30,2025-12-31
248,1912,R03BA05,fluticasone,2023-12-08,2025-07-01
249,2060,R03AC02,salbutamol,2022-01-18,2022-07-04
250,1953,R03AC02,salbutamol,2025-06-12,2025-06-24
251,160,R03AC02,salbutamol,2025-03-08,2025-07-28
252,1187,R03AC02,salbutamol,2023-07-01,2023-08-01
253,1327,R03BA02,budésonide,2025-04-28,2025-12-31
254,513,R03AC02,salbutamol,2025-01-12,2025-04-02
255,1488,R03AC02,salbutamol,2021-01-07,2021-02-23
256,2346,R03AC02,salbutamol,2025-04-23,2025-06-16
257,1917,R03AC02,salbutamol,2025-02-07,2025-03-03
258,477,R03AC02,salbutamol,2023-12-15,2024-04-23
259,2273,R03AC02,salbutamol,2024-07-19,
260,845,R03AC02,salbutamol,2023-08-26,2023-10-10
261,478,R03BA01,béclométasone,2023-12-24,2025-04-05
262,77,R03AC02,salbutamol,2020-04-12,2020-04-27
263,134,R03AC02,salbutamol,2022-12-29,2023-04-11
264,1961,R03AC02,salbutamol,2023-02-28,2023-04-13
265,1541,R03DC03,montélukast,2022-09-30,2023-01-03
266,978,R03BA02,budésonide,2023-05-28,2024-05-20
267,843,R03AC02,salbutamol,2025-08-25,2025-09-05
268,183,R03AC02,salbutamol,2020-01-10,2020-04-14
269,1562,R03AC02,salbutamol,2022-12-22,2023-03-15
270,308,R03AC02,salbutamol,2021-12-21,2022-03-11
271,2253,R03BA05,fluticasone,2024-07-14,2025-10-03
272,1446,R03AC02,salbutamol,2024-03-27,2024-06-26
273,1039,R03BA01,béclométasone,2025-03-30,2025-12-31
274,1897,R03BA01,béclométasone,2024-09-04,2025-12-31
275,263,R03BA02,budésonide,2020-08-05,2020-12-07
276,572,R03BA01,béclométasone,2023-10-09,2024-08-15
277,1413,R03AC02,salbutamol,2023-01-20,2023-04-24
278,747,R03BA05,fluticasone,2020-09-23,2021-03-22
279,464,R03AC02,salbutamol,2022-01-09,2022-04-15
280,678,R03AC02,salbutamol,2021-06-27,2021-08-01
281,769,R03AK07,formotérol + budésonide,2024-07-15,2025-10-31
282,2208,R03AC02,salbutamol,2021-11-17,2021-12-16
283,568,R03BA01,béclométasone,2024-03-04,2024-10-11
284,464,R03BA02,budésonide,2022-01-16,
285,937,R03AC02,salbutamol,2021-10-24,
286,377,R03AC02,salbutamol,2023-07-21,2023-09-17
287,2441,R03BA02,budésonide,2024-02-29,2025-04-10
288,863,R03AC02,salbutamol,2020-11-29,2021-06-03
289,296,R03AC02,salbutamol,2022-10-17,2022-12-09
290,2359,R03DC03,montélukast,2020-07-14,2021-06-24
291,1394,R03AC02,salbutamol,2024-03-26,2024-04-16
292,1791,R03AC02,salbutamol,2021-08-03,
293,2011,R03AC02,salbutamol,2024-10-11,2025-04-04
294,1167,R03AC02,salbutamol,2020-12-08,2021-02-01
295,463,R03AC02,salbutamol,2023-05-30,
296,1627,R03DC03,montélukast,2024-09-25,2025-01-28
297,1730,R03AK07,formotérol + budésonide,2020-12-07,2022-08-04
298,56,R03AK07,formotérol + budésonide,2022-09-25,
299,1364,R03BA02,budésonide,2022-11-12,2024-03-28
300,1143,R03BA01,béclométasone,2022-10-15,2023-12-14
301,1299,R03AC02,salbutamol,2023-10-27,2023-11-27
302,437,R03AK07,formotérol + budésonide,2021-01-28,2021-10-21
303,765,R03AK06,salmétérol + fluticasone,2024-07-18,2025-12-31
304,1396,R03AC02,salbutamol,2020-11-05,2021-01-30
305,69,R03AC02,salbutamol,2025-05-10,2025-09-25
306,2364,R03AC02,salbutamol,2021-12-01,2021-12-14
307,1728,R03AC02,salbutamol,2025-06-23,2025-12-16
308,2136,R03AC02,salbutamol,2020-11-03,2020-07-12
309,1299,R03BA05,fluticasone,2023-10-27,2024-09-27
310,1562,R03BA05,fluticasone,2022-12-22,2024-05-22
311,2092,R03AC02,salbutamol,2021-09-27,2021-12-14
312,22,R03BA02,budésonide,2025-06-13,2025-12-31
313,1873,R03BA01,béclométasone,2023-02-09,2023-10-31
314,1251,R03AC02,salbutamol,2023-02-26,2023-08-09
315,1909,R03BA01,béclométasone,2024-04-06,2024-12-03
316,2253,R03AC02,salbutamol,2024-07-14,2024-12-10
317,658,R03BA01,béclométasone,2021-11-05,2022-04-11
318,2107,R03BA01,béclométasone,2022-10-04,2023-11-12
319,1352,R03AC02,salbutamol,2024-06-14,2024-08-17
320,760,R03BA05,fluticasone,2020-05-28,2021-01-02
321,1619,R03DC03,montélukast,2025-01-19,2025-10-29
322,178,R03AC02,salbutamol,2020-06-29,2020-11-16
323,2461,R03AC02,salbutamol,2021-05-13,2021-05-24
324,2053,R03BA05,fluticasone,2024-06-29,2024-10-17
325,830,R03AC02,salbutamol,2023-11-04,2023-11-11
326,2396,R03BA01,béclométasone,2022-06-24,2023-12-21
327,312,R03BA05,fluticasone,2023-11-22,
328,2291,R03AC02,salbutamol,2024-10-30,2024-11-23
329,312,R03AC02,salbutamol,2023-11-22,2024-01-10
330,2458,R03AC02,salbutamol,2025-01-29,2025-02-12
331,1091,R03AC02,salbutamol,2021-02-02,2021-02-14
332,309,R03AC02,salbutamol,2022-04-03,2022-07-28
333,2232,R03AC02,salbutamol,2025-06-30,2025-12-05
334,1229,R03AC02,salbutamol,2021-05-10,2021-05-20
335,2009,R03AC02,salbutamol,2023-11-05,2023-11-23
336,2454,R03AC02,salbutamol,2023-10-07,2024-01-11
337,1962,R03AC02,salbutamol,2024-07-28,2024-10-09
338,1784,R03AC02,salbutamol,2024-06-03,
339,985,R03AC02,salbutamol,2023-09-04,2023-10-08
340,2473,R03AC02,salbutamol,2024-03-19,2024-05-17
341,839,R03AC02,salbutamol,2020-04-14,2020-08-01
342,1826,R03BA05,fluticasone,2023-12-14,2024-09-14
343,522,R03AC02,salbutamol,2021-09-10,2021-09-18
344,1458,R03AC02,salbutamol,2020-07-22,2020-08-23
345,1627,R03AC02,salbutamol,2024-07-07,2025-01-05
346,2305,R03AK06,salmétérol + fluticasone,2025-04-03,2025-10-26
347,197,R03BA05,fluticasone,2021-06-12,2021-10-14
348,399,R03AC02,salbutamol,2025-06-21,2025-09-02
349,1985,R03AC02,salbutamol,2025-06-25,2025-07-14
350,899,R03AC02,salbutamol,2020-05-26,2020-07-25
351,496,R03BA02,budésonide,2019-03-02,2020-06-21
352,2431,R03AK06,salmétérol + fluticasone,2023-03-06,2024-10-27
353,857,R03BA02,budésonide,2022-01-19,2022-11-12
354,1145,R03AK07,formotérol + budésonide,2024-08-25,2025-12-06
355,1518,R03AC02,salbutamol,2019-07-28,2019-11-24
356,1826,R03AC02,salbutamol,2023-11-30,2024-02-16
357,2026,R03AC02,salbutamol,2025-06-22,2025-08-08
358,224,R03BA05,fluticasone,2022-10-12,2024-01-15
359,848,R03BA01,béclométasone,2020-02-14,2021-05-13
360,1147,R03DC03,montélukast,2022-11-21,2023-11-29
361,1866,R03AC02,salbutamol,2022-02-18,2022-03-13
362,231,R03AC02,salbutamol,2023-01-01,2023-05-12
363,2414,R03AC02,salbutamol,2023-11-07,2023-12-08
364,833,R03AC02,salbutamol,2022-01-03,2022-01-24
365,1897,R03AC02,salbutamol,2024-09-04,2025-01-16
366,2199,R03AK06,salmétérol + fluticasone,2023-01-04,2024-01-06
367,178,R03BA05,fluticasone,2020-06-29,2021-05-17
368,1695,R03BA05,fluticasone,2020-03-07,2021-03-01
369,1035,R03AC02,salbutamol,2023-06-20,2023-09-15
370,519,R03AC02,salbutamol,2023-03-23,2023-05-18
371,824,R03AC02,salbutamol,2019-07-28,2019-12-04
372,224,R03DC03,montélukast,2022-12-09,2023-09-23
373,14,R03AC02,salbutamol,2025-05-17,2025-07-28
374,197,R03AC02,salbutamol,2021-06-12,2021-07-17
375,687,R03AC02,salbutamol,2025-05-02,2025-07-05
376,1800,R03AC02,salbutamol,2024-05-02,2024-05-19
377,254,R03AC02,salbutamol,2024-08-07,2024-11-02
378,937,R03AK07,formotérol + budésonide,2021-10-24,2023-04-06
379,2181,R03AC02,salbutamol,2024-04-16,2024-05-02
380,1921,R03AC02,salbutamol,2025-01-13,2025-03-17
381,751,R03AK07,formotérol + budésonide,2020-02-17,2021-08-10
382,2359,R03BA01,béclométasone,2020-05-03,2020-12-03
383,231,R03BA05,fluticasone,2023-01-01,2023-05-16
384,2336,R03AC02,salbutamol,2021-08-08,2021-12-23
385,2003,R03AC02,salbutamol,2019-01-23,2019-04-19
386,924,R03AC02,salbutamol,2019-05-18,2019-06-17
387,1466,R03AC02,salbutamol,2024-09-25,2024-11-21
388,460,R03AC02,salbutamol,2021-01-12,
389,1079,R03AC02,salbutamol,2021-09-13,2021-09-21
390,127,R03AC02,salbutamol,2025-03-26,2025-05-31
391,1147,R03BA05,fluticasone,2022-09-27,2024-01-23
392,1258,R03AC02,salbutamol,2025-05-05,2025-08-05
393,1640,R03BA01,béclométasone,2023-10-08,2025-01-13
394,2400,R03AK06,salmétérol + fluticasone,2021-01-22,2022-09-04
395,2492,R03AK07,formotérol + budésonide,2022-06-28,2023-11-20
396,1566,R03AC02,salbutamol,2024-03-05,2024-03-23
397,2500,R03BA01,béclométasone,2022-12-28,2023-05-10
398,486,R03AK06,salmétérol + fluticasone,2021-05-11,2023-04-10
399,1559,R03BA05,fluticasone,2023-07-26,2024-02-08
400,2307,R03BA02,budésonide,2020-01-03,2020-05-19
401,538,R03AC02,salbutamol,2025-08-25,2025-09-01
402,2119,R03AC02,salbutamol,2024-12-20,2024-12-27
403,748,R03AC02,salbutamol,2020-12-09,2021-03-09
404,395,R03BA05,fluticasone,2023-10-07,2025-04-22
405,572,R03AC02,salbutamol,2023-10-09,2024-02-17
406,763,R03AC02,salbutamol,2023-03-10,2023-06-30
407,2311,R03AC02,salbutamol,2025-05-14,2025-08-04
408,2442,R03AC02,salbutamol,2024-08-28,2024-10-21
409,1677,R03AC02,salbutamol,2019-05-30,2019-07-31
410,576,R03AC02,salbutamol,2019-11-09,2019-11-19
411,1811,R03AC02,salbutamol,2024-07-25,
412,573,R03BA02,budésonide,2019-08-23,2021-03-27
413,2136,R03BA02,budésonide,2020-07-23,2021-08-15
414,100,R03AK07,formotérol + budésonide,2022-09-29,2024-09-07
415,2307,R03AC02,salbutamol,2020-01-03,2020-06-22
416,179,R03AC02,salbutamol,2025-04-28,2025-09-04
417,688,R03AC02,salbutamol,2025-04-29,2025-05-08
418,532,R03AC02,salbutamol,2021-03-28,2021-04-05
419,2350,R03AC02,salbutamol,2019-12-21,2020-03-20
420,2263,R03BA02,budésonide,2024-05-15,2025-08-19
421,665,R03BA02,budésonide,2020-12-21,2022-03-24
422,948,R03AC02,salbutamol,2019-01-10,2019-01-23
423,1865,R03AC02,salbutamol,2021-09-18,2021-09-26
424,238,R03BA02,budésonide,2023-11-19,2025-04-27
425,2242,R03AC02,salbutamol,2023-06-03,2023-06-11
426,2499,R03AC02,salbutamol,2024-11-04,2025-04-16
427,1304,R03AC02,salbutamol,2021-05-13,2021-06-28
428,58,R03AC02,salbutamol,2025-03-09,2025-09-05
429,1717,R03AC02,salbutamol,2022-12-30,2023-01-15
430,1692,R03AC02,salbutamol,2020-09-16,2020-09-29
431,2172,R03AC02,salbutamol,2025-03-25,2025-06-17
432,2406,R03BA01,béclométasone,2025-07-18,2025-11-15
433,1524,R03DC03,montélukast,2023-07-14,2024-06-12
434,2395,R03AC02,salbutamol,2024-09-18,2024-09-27
435,2003,R03BA05,fluticasone,2019-02-11,2020-03-20
436,2087,R03AC02,salbutamol,2025-05-26,2025-07-03
437,1968,R03AC02,salbutamol,2021-12-25,2022-04-12
438,2091,R03AC02,salbutamol,2023-06-12,2023-08-13
439,1464,R03AC02,salbutamol,2021-12-02,2022-03-02
440,1541,R03AC02,salbutamol,2022-08-14,2022-10-13
441,710,R03BA05,fluticasone,2024-11-01,
442,183,R03AC02,salbutamol,2020-01-10,2020-04-14
443,2312,R03AC02,salbutamol,2024-01-07,2024-04-26
444,2367,R03AC02,salbutamol,2025-05-29,2025-08-08
445,2374,R03AC02,salbutamol,2022-11-16,2022-11-30
446,404,R03AC02,salbutamol,2022-11-06,2023-01-14
447,861,R03BA02,budésonide,2019-10-25,2020-08-12
448,1327,R03AC02,salbutamol,2025-04-28,2025-06-21
449,526,R03AC02,salbutamol,2023-06-21,2023-11-29
450,1707,R03BA05,fluticasone,2023-05-29,2023-12-31
451,1009,R03BA05,fluticasone,2025-01-29,2025-12-31
452,726,R03AC02,salbutamol,2019-11-17,2019-12-12
453,377,R03BA02,budésonide,2023-07-21,2024-01-20
454,583,R03AC02,salbutamol,2022-09-09,2022-09-19
455,2323,R03AC02,salbutamol,2020-05-03,2020-05-23
456,1915,R03AC02,salbutamol,2023-02-28,2023-04-14
457,1791,R03BA01,béclométasone,2021-08-03,2022-12-05
458,402,R03AC02,salbutamol,2025-07-23,2025-07-30
459,568,R03AC02,salbutamol,2024-06-18,2024-03-04
460,1579,R03AC02,salbutamol,2021-02-10,2021-08-12
461,119,R03BA02,budésonide,2024-01-23,2025-04-17
462,2178,R03BA01,béclométasone,2025-12-31,2025-01-07
463,519,R03BA01,béclométasone,2023-03-23,2023-10-18
464,1989,R03BA05,fluticasone,2020-05-08,2021-01-21
465,58,R03BA02,budésonide,2025-03-09,2025-12-31
466,858,R03BA01,béclométasone,2023-09-15,2024-05-04
467,2460,R03AC02,salbutamol,2021-11-29,
468,1667,R03AC02,salbutamol,2024-05-25,2024-06-04
469,665,R03AC02,salbutamol,2020-12-12,2020-12-27
470,2012,R03AC02,salbutamol,2022-04-22,2022-08-09
471,156,R03BA05,fluticasone,2022-05-14,2023-07-20
472,1251,R03DC03,montélukast,2023-04-02,2024-04-21
473,389,R03BA05,fluticasone,2024-11-12,2025-06-27
474,1854,R03BA02,budésonide,2023-07-12,2024-11-17
475,134,R03BA05,fluticasone,2022-12-31,2024-02-28
476,1123,R03AC02,salbutamol,2021-01-27,2021-05-05
477,1124,R03AC02,salbutamol,2023-03-01,
478,2336,R03BA05,fluticasone,2021-08-08,2022-07-09
479,1518,R03DC03,montélukast,2019-08-25,2020-03-24
480,2492,R03AC02,salbutamol,2022-06-28,2022-11-27
481,1643,R03AC02,salbutamol,2022-01-10,2022-04-30
482,2489,R03BA05,fluticasone,2020-06-09,2021-02-04
483,250,R03AC02,salbutamol,2020-12-17,2020-12-30
484,2441,R03AC02,salbutamol,2024-02-29,2024-05-23
485,255,R03AC02,salbutamol,2020-02-25,2020-05-09
486,248,R03AC02,salbutamol,2024-07-08,2024-07-26
487,16,R03AC02,salbutamol,2025-01-16,2025-02-01
488,681,R03AC02,salbutamol,2021-02-20,2021-03-10
489,2088,R03AC02,salbutamol,2019-09-13,2019-12-01
490,1797,R03DC03,montélukast,2021-10-18,2022-11-06
491,768,R03AC02,salbutamol,2021-10-26,2022-01-21
492,181,R03AC02,salbutamol,2024-05-01,2024-05-29
493,439,R03AC02,salbutamol,2021-12-07,2022-05-16
494,704,R03AC02,salbutamol,2025-03-09,2025-04-03
495,1804,R03AC02,salbutamol,2024-10-27,2024-11-10
496,658,R03BA01,béclométasone,2021-11-05,2022-04-11
497,283,R03AC02,salbutamol,2024-08-24,2024-09-04
498,1418,R03AC02,salbutamol,2020-05-20,2020-12-06
499,230,R03DC03,montélukast,2019-08-04,
500,2155,R03BA02,budésonide,2024-02-11,2025-02-21
501,2107,R03AC02,salbutamol,2022-10-03,2023-01-24
502,439,R03AK07,formotérol + budésonide,2021-12-07,2022-09-30
503,1141,R03AC02,salbutamol,2023-08-09,
504,2408,R03AC02,salbutamol,2021-12-17,2022-04-06
505,1721,R03BA01,béclométasone,2025-07-27,2025-12-31
506,2268,R03AC02,salbutamol,2025-06-15,2025-07-03
507,183,R03AK06,salmétérol + fluticasone,2020-01-10,2020-07-09
508,2475,R03AK06,salmétérol + fluticasone,2020-11-14,2021-08-20
509,1069,R03AC02,salbutamol,2022-04-22,2022-06-07
510,98,R03BA02,budésonide,2024-11-02,2025-04-03
511,2319,R03AC02,salbutamol,2021-06-20,2021-08-27
512,2500,R03AC02,salbutamol,2022-12-26,
513,1853,R03AC02,salbutamol,2024-01-22,2024-03-14
514,91,R03BA05,fluticasone,2025-04-03,2025-08-11
515,124,R03AC02,salbutamol,2023-12-18,2023-12-26
516,2162,R03BA01,béclométasone,2022-11-21,
517,1405,R03AC02,salbutamol,2023-03-29,2023-06-12
518,623,R03AC02,salbutamol,2023-03-26,2023-04-13
519,1688,R03BA02,budésonide,2023-04-06,2023-09-01
520,419,R03BA02,budésonide,2023-11-19,2024-12-05
521,2406,R03AC02,salbutamol,2025-07-18,2025-10-22
522,404,R03BA01,béclométasone,2022-11-16,2023-03-08
523,789,R03AC02,salbutamol,2022-11-23,2022-12-17
524,1427,R03BA02,budésonide,2022-05-23,2022-12-15
525,1707,R03BA05,fluticasone,2023-05-29,2023-12-31
526,1836,R03BA05,fluticasone,2021-08-31,2022-07-25
527,1559,R03AC02,salbutamol,2023-07-26,2023-09-12
528,1006,R03AC02,salbutamol,2023-01-04,2023-03-28
529,1174,R03AC02,salbutamol,2022-11-15,2023-03-12
530,1428,R03AC02,salbutamol,2022-03-21,2022-07-20
531,2020,R03AC02,salbutamol,2024-10-05,2024-10-22
532,1852,R03AC02,salbutamol,2024-10-21,2025-01-20
533,166,R03AC02,salbutamol,2021-12-29,2022-03-21
534,177,R03BA02,budésonide,2022-09-09,2024-03-19
535,67,R03AC02,salbutamol,2020-04-17,2020-07-18
536,1195,R03AC02,salbutamol,2020-09-07,2020-12-29
537,1246,R03AC02,salbutamol,2024-09-23,2024-10-14
538,1216,R03BA02,budésonide,2021-07-02,
539,960,R03AC02,salbutamol,2020-12-25,2021-02-17
540,2439,R03BA05,fluticasone,2025-02-01,
541,1396,R03AC02,salbutamol,2020-11-05,2021-01-30
542,2138,R03DC03,montélukast,2024-10-18,2025-02-27
543,1821,R03BA05,fluticasone,2023-04-30,2024-09-18
544,1454,R03DC03,montélukast,2024-04-17,2025-05-22
545,331,R03AC02,salbutamol,2021-11-12,2022-02-15
546,1548,R03AC02,salbutamol,2022-10-29,2023-02-17
547,2340,R03BA02,budésonide,2025-01-09,2025-07-03
548,943,R03AC02,salbutamol,2019-12-20,2020-01-24
549,783,R03BA02,budésonide,2024-11-20,2025-12-31
550,262,R03BA01,béclométasone,2025-01-03,2025-12-31
551,958,R03BA05,fluticasone,2023-06-14,2024-03-07
552,1287,R03DC03,montélukast,2025-03-18,2025-09-12
553,2083,R03BA02,budésonide,2025-07-17,2025-12-31
554,907,R03AC02,salbutamol,2022-11-29,2023-02-05
555,371,R03AC02,salbutamol,2021-07-16,2021-11-03
556,1147,R03AC02,salbutamol,2022-09-27,2022-12-26
557,1324,R03AC02,salbutamol,2022-12-29,
558,739,R03AC02,salbutamol,2023-08-28,2023-10-20
559,2199,R03AC02,salbutamol,2023-01-04,2023-02-14
560,238,R03AC02,salbutamol,2023-11-19,2024-03-16
561,1599,R03BA05,fluticasone,2025-01-02,2025-11-04
562,814,R03AC02,salbutamol,2024-11-28,2024-12-11
563,13,R03AC02,salbutamol,2025-04-20,2025-05-09
564,2087,R03BA01,béclométasone,2025-06-07,2025-12-31
565,45,R03AC02,salbutamol,2024-01-20,2024-02-07
566,486,R03AC02,salbutamol,2021-05-11,2021-08-01
567,1651,R03AC02,salbutamol,2024-04-03,2024-05-20
568,1768,R03AK07,formotérol + budésonide,2024-11-08,2025-12-20
569,1427,R03DC03,montélukast,2022-06-21,2022-11-18
570,1162,R03AC02,salbutamol,2025-07-02,2025-09-05
571,1437,R03AC02,salbutamol,2025-04-18,2025-06-15
572,587,R03AC02,salbutamol,2022-08-23,2022-09-12
573,899,R03DC03,montélukast,2020-08-20,2021-08-19
574,1698,R03AC02,salbutamol,2023-07-27,2023-11-16
575,434,R03BA01,béclométasone,2022-06-14,2022-11-23
576,472,R03AC02,salbutamol,2023-09-30,2023-10-16
577,2040,R03BA02,budésonide,2022-05-10,2023-06-19
578,280,R03AC02,salbutamol,2021-06-20,2021-09-28
579,1368,R03AC02,salbutamol,2025-10-29,2025-11-18
580,890,R03BA05,fluticasone,2020-06-09,
581,1967,R03AC02,salbutamol,2024-11-15,2024-11-29
582,1193,R03AC02,salbutamol,2021-09-19,2021-10-15
583,1560,R03AC02,salbutamol,2021-03-13,2021-06-12
584,1537,R03AC02,salbutamol,2025-04-23,2025-08-02
585,1346,R03AC02,salbutamol,2024-08-06,
586,2392,R03AC02,salbutamol,2022-11-21,2023-01-26
587,2236,R03AC02,salbutamol,2024-08-30,2024-12-30
588,1154,R03AC02,salbutamol,2024-04-19,2024-05-05
589,1518,R03BA02,budésonide,2019-07-28,2020-10-10
590,113,R03AC02,salbutamol,2025-03-04,2025-03-25
591,1172,R03AC02,salbutamol,2025-06-11,2025-08-25
592,1609,R03AC02,salbutamol,2019-03-16,
593,2281,R03AK07,formotérol + budésonide,2025-04-27,2025-12-31
594,67,R03BA05,fluticasone,2020-05-03,2021-01-02
595,1392,R03AC02,salbutamol,2024-07-06,2024-09-04
596,2316,R03AC02,salbutamol,2025-06-28,2025-10-08
597,1798,R03AK07,formotérol + budésonide,2023-08-31,2025-06-25
598,1721,R03AC02,salbutamol,2025-07-16,2025-09-23
599,296,R03BA02,budésonide,2022-10-26,2023-12-10
600,1167,R03BA02,budésonide,2020-12-08,2021-06-05
601,1287,R03BA05,fluticasone,2025-01-08,2025-12-31
602,280,R03AK06,salmétérol + fluticasone,2021-06-20,2022-03-23
603,12,R03AC02,salbutamol,2025-03-25,2025-04-16
604,2426,R03AK07,formotérol + budésonide,2019-08-13,2021-01-10
605,678,R03AK06,salmétérol + fluticasone,2021-06-27,2022-01-03
606,1496,R03AC02,salbutamol,2025-05-17,2025-06-02
607,86,R03AC02,salbutamol,2020-03-09,2020-04-08
608,297,R03AC02,salbutamol,2024-04-09,2024-04-20
609,1664,R03AC02,salbutamol,2025-07-30,2025-08-10
610,282,R03AC02,salbutamol,2020-06-24,2020-09-17
611,186,R03AC02,salbutamol,2024-05-23,2024-08-05
612,477,R03BA01,béclométasone,2023-12-15,2024-05-22
613,931,R03AC02,salbutamol,2023-02-17,2023-03-05
614,2371,R03AC02,salbutamol,2022-03-04,2022-02-09
615,940,R03AC02,salbutamol,2022-10-05,2022-11-25
616,1688,R03DC03,montélukast,2023-05-02,2023-12-05
617,2083,R03AC02,salbutamol,2025-07-06,2025-10-10
618,1251,R03BA05,fluticasone,2023-02-26,2024-07-25
619,809,R03AC02,salbutamol,2021-04-28,2021-10-26
620,1912,R03AC02,salbutamol,2023-12-08,2024-03-14
621,2124,R03AK07,formotérol + budésonide,2022-02-01,2023-01-24
622,2412,R03AC02,salbutamol,2023-10-24,
623,2377,R03AK07,formotérol + budésonide,2019-12-05,2021-10-05
624,2229,R03BA05,fluticasone,2022-05-01,2023-07-17
625,1346,R03BA01,béclométasone,2024-08-17,2025-12-29
626,848,R03AC02,salbutamol,2020-01-26,2020-03-01
627,371,R03AC02,salbutamol,2021-07-16,2021-11-03
628,2297,R03AC02,salbutamol,2022-12-09,2022-12-22
629,1709,R03AC02,salbutamol,2020-04-06,2020-06-30
630,1432,R03AC02,salbutamol,2025-01-10,2025-02-12
631,1012,R03DC03,montélukast,2024-06-27,2025-04-29
632,2402,R03AC02,salbutamol,2023-04-13,2023-05-09
633,141,R03AC02,salbutamol,2023-10-10,2023-11-18
634,1200,R03AC02,salbutamol,2020-03-09,2020-03-17
635,1611,R03AC02,salbutamol,2025-11-01,2025-11-13
636,2236,R03BA01,béclométasone,2024-08-30,2025-12-31
637,427,R03BA05,fluticasone,2025-04-26,2025-12-31
638,1349,R03AC02,salbutamol,2024-11-19,2024-12-06
639,288,R03AC02,salbutamol,2025-06-15,2025-09-04
640,965,R03AC02,salbutamol,2020-05-02,2020-07-26
641,1818,R03AC02,salbutamol,2021-03-11,2021-05-31
642,98,R03AC02,salbutamol,2024-10-27,2025-01-27
643,56,R03AC02,salbutamol,2022-09-25,2022-11-13
644,2453,R03AC02,salbutamol,2021-04-04,2021-09-26
645,1669,R03AC02,salbutamol,2022-04-06,2022-06-04
646,1043,R03AC02,salbutamol,2024-02-02,2024-05-15
647,1961,R03BA02,budésonide,2023-03-11,2024-06-01
648,285,R03AC02,salbutamol,2025-01-13,2025-01-23
649,2011,R03BA05,fluticasone,2024-10-11,2025-11-28
650,2205,R03AK06,salmétérol + fluticasone,2023-05-25,2024-07-15
651,608,R03AC02,salbutamol,2025-06-12,2025-08-08
652,886,R03AC02,salbutamol,2020-03-06,2020-08-13
653,1579,R03DC03,montélukast,2021-04-14,2021-12-17
654,1206,R03AC02,salbutamol,2021-10-31,2022-01-26
655,1707,R03AC02,salbutamol,2023-05-29,2023-11-17
656,2439,R03AC02,salbutamol,2025-02-01,2025-07-15
657,1324,R03AK06,salmétérol + fluticasone,2022-12-29,2024-01-16
658,710,R03AC02,salbutamol,2024-10-27,2025-02-09
659,177,R03AC02,salbutamol,2022-09-09,2022-10-16
660,1854,R03AC02,salbutamol,2023-07-06,2023-10-03
661,760,R03AC02,salbutamol,2020-05-28,2020-08-07
662,760,R03DC03,montélukast,2020-08-22,2021-02-19
663,1146,R03AC02,salbutamol,2019-07-15,2019-12-16
664,809,R03BA02,budésonide,2021-04-28,2022-02-26
665,1418,R03BA01,béclométasone,2020-05-20,2021-08-24
666,2106,R03AC02,salbutamol,2020-11-20,2021-03-18
667,2475,R03AC02,salbutamol,2020-11-14,2021-05-17
668,2222,R03AC02,salbutamol,2023-07-12,2023-08-07
669,608,R03BA02,budésonide,2025-06-12,2025-12-31
670,2123,R03BA02,budésonide,2022-04-09,2022-08-20
671,277,R03BA01,béclométasone,2024-12-25,2025-08-12
672,1012,R03BA02,budésonide,2024-06-07,2024-12-02
673,1569,R03AC02,salbutamol,2024-01-24,2024-03-10
674,5,R03AC02,salbutamol,2019-10-25,2020-01-06
675,949,R03AC02,salbutamol,2024-01-12,2024-02-04
676,445,R03AC02,salbutamol,2023-07-17,
677,1956,R03AC02,salbutamol,2019-12-25,2020-03-01
678,179,R03AK07,formotérol + budésonide,2025-04-28,2025-12-31
679,608,R03DC03,montélukast,2025-07-29,2025-12-31
680,1466,R03BA01,béclométasone,2024-10-05,2025-04-10
681,2489,R03AC02,salbutamol,2020-06-09,2020-10-21
682,1963,R03AC02,salbutamol,2025-10-02,2025-10-20
683,2400,R03AC02,salbutamol,2021-01-22,2021-04-14
684,387,R03BA02,budésonide,2023-10-15,2024-04-03
685,2176,R03AC02,salbutamol,2024-12-29,2025-01-27
686,706,R03AC02,salbutamol,2023-09-05,2023-09-16
687,2293,R03BA05,fluticasone,2019-09-20,2019-12-29
688,284,R03AC02,salbutamol,2025-03-28,2025-04-18
689,1146,R03BA05,fluticasone,2019-07-15,2021-02-23
690,2377,R03AC02,salbutamol,2019-12-05,2020-01-17
691,2194,R03AK07,formotérol + budésonide,2025-06-04,2025-12-31
692,2293,R03AC02,salbutamol,2019-09-03,2019-11-16
693,2253,R03DC03,montélukast,2024-09-16,2025-07-19
694,767,R03BA01,béclométasone,2024-06-30,2025-06-19
695,1599,R03AC02,salbutamol,2025-01-02,2025-03-12
696,352,R03BA05,fluticasone,2020-11-18,2021-11-10
697,1294,R03AC02,salbutamol,2023-08-27,2023-09-12
698,858,R03AC02,salbutamol,2023-09-15,2024-02-15
699,1911,R03AC02,salbutamol,2023-05-30,2023-07-01
700,2387,R03AC02,salbutamol,2023-05-07,2023-08-17
701,2359,R03AC02,salbutamol,2020-05-03,2020-08-02
702,212,R03AC02,salbutamol,2021-04-08,2021-07-03
703,1084,R03AC02,salbutamol,2020-05-09,2020-08-14
704,399,R03BA01,béclométasone,2025-06-21,2025-12-31
705,1419,R03AC02,salbutamol,2021-11-01,2022-02-19
706,568,R03DC03,montélukast,2024-05-06,2025-04-07
707,1374,R03AC02,salbutamol,2022-07-27,2022-09-30
708,309,R03DC03,montélukast,2022-04-16,2023-03-13
709,93,R03AC02,salbutamol,2019-07-17,2019-10-08
710,1216,R03AC02,salbutamol,2021-07-02,2021-09-06
711,652,R03AC02,salbutamol,2025-04-10,2025-07-14
712,763,R03BA01,béclométasone,2023-03-24,2023-07-07
713,744,R03BA01,béclométasone,2022-09-30,2023-11-12
714,1174,R03BA01,béclométasone,2022-11-15,2023-05-02
715,2263,R03AC02,salbutamol,2024-05-15,2024-10-21
716,2281,R03AC02,salbutamol,2025-04-27,2025-07-02
717,630,R03AC02,salbutamol,2023-05-13,2023-08-29
718,1446,R03BA01,béclométasone,2024-04-08,2024-10-28
719,22,R03AC02,salbutamol,2025-06-08,2025-06-25
720,1327,R03BA02,budésonide,2025-04-28,2025-12-31
721,1883,R03AC02,salbutamol,2025-08-20,2025-09-07
722,2305,R03AC02,salbutamol,2025-04-03,2025-09-16
723,160,R03BA02,budésonide,2025-03-08,2025-07-06
724,1216,R03DC03,montélukast,2021-08-03,2022-02-11
725,899,R03BA01,béclométasone,2020-05-26,2021-11-09
726,2106,R03BA05,fluticasone,2020-11-20,2021-08-15
727,122,R03AC02,salbutamol,2023-08-02,2023-08-11
728,463,R03DC03,montélukast,2023-07-04,2024-05-20
729,1619,R03BA05,fluticasone,2024-12-20,2025-12-31
730,427,R03DC03,montélukast,2025-06-19,2025-09-21
731,1639,R03AC02,salbutamol,2023-07-10,2023-08-19
732,1542,R03AC02,salbutamol,2023-11-27,2024-03-05
733,120,R03AC02,salbutamol,2025-07-16,2025-07-06
734,1374,R03BA02,budésonide,2022-07-27,2023-08-17
735,759,R03BA02,budésonide,2019-09-23,2020-12-21
736,2321,R03AC02,salbutamol,2024-09-04,
737,240,R03AC02,salbutamol,2022-03-07,2022-03-15
738,1334,R03AC02,salbutamol,2025-05-20,2025-06-20
739,2060,R03AK07,formotérol + budésonide,2022-01-18,2023-10-14
740,1334,R03BA02,budésonide,2025-05-20,2025-12-31
741,863,R03AK07,formotérol + budésonide,2020-11-29,2021-10-16
742,2408,R03BA05,fluticasone,2022-01-01,2022-09-20
743,14,R03BA02,budésonide,2025-05-17,2025-09-15
744,1027,R03AC02,salbutamol,2023-09-09,2023-10-06
745,1989,R03AC02,salbutamol,2020-05-08,2020-11-03
746,266,R03AC02,salbutamol,2025-06-28,2025-07-07
747,1851,R03AC02,salbutamol,2024-02-11,2024-05-02
748,2158,R03BA02,budésonide,2019-09-10,2020-12-17
749,1866,R03AC02,salbutamol,2022-02-18,2022-03-13
750,100,R03AC02,salbutamol,2022-09-29,2023-02-21
751,526,R03BA01,béclométasone,2023-06-21,
752,105,R03AC02,salbutamol,2019-08-09,2019-09-09
753,1499,R03AC02,salbutamol,2025-07-15,2025-12-18
754,2189,R03AC02,salbutamol,2022-12-20,2023-03-31
755,681,R03BA01,béclométasone,2021-03-12,2021-12-10
756,230,R03BA05,fluticasone,2019-06-22,2020-12-13
757,69,R03AK06,salmétérol + fluticasone,2025-05-10,2025-12-31
758,2158,R03AC02,salbutamol,2019-08-23,2019-09-29
759,1797,R03AC02,salbutamol,2021-10-06,2021-12-26
760,586,R03AC02,salbutamol,2021-01-11,
761,463,R03BA01,béclométasone,2023-05-30,2024-01-11
762,510,R03AC02,salbutamol,2021-03-30,
763,2123,R03AC02,salbutamol,2022-04-05,2022-05-28
764,1360,R03AK07,formotérol + budésonide,2025-05-28,2025-12-29
765,2454,R03BA05,fluticasone,2023-10-20,2024-07-09
766,202,R03BA02,budésonide,2021-01-04,2021-11-09
767,1069,R03BA02,budésonide,2022-05-07,2022-12-25
768,553,R03AC02,salbutamol,2020-08-22,2020-10-28
769,2178,R03AC02,salbutamol,2024-12-21,
770,2007,R03AC02,salbutamol,2023-10-16,2023-11-04
771,1524,R03BA02,budésonide,2023-04-28,2023-10-15
772,224,R03AC02,salbutamol,2022-10-12,2023-01-23
773,75,R03AC02,salbutamol,2023-02-01,2023-02-15
774,139,R03BA01,béclométasone,2024-10-03,2025-04-06
775,281,R03BA02,budésonide,2023-04-23,2024-12-09
776,727,R03AC02,salbutamol,2023-11-26,2023-12-03
777,2496,R03AC02,salbutamol,2022-05-09,2022-08-09
778,1909,R03AC02,salbutamol,2024-04-06,2024-07-30
779,43,R03AC02,salbutamol,2020-09-03,2020-09-22
780,288,R03AK06,salmétérol + fluticasone,2025-06-15,2025-12-31
781,1873,R03AC02,salbutamol,2023-02-03,2023-03-30
782,1821,R03AC02,salbutamol,2023-04-27,2023-06-03
783,263,R03AC02,salbutamol,2020-08-05,2021-01-04
784,1360,R03AC02,salbutamol,2025-05-28,2025-08-31
785,496,R03AC02,salbutamol,2019-02-15,2019-06-06
786,1515,R03AC02,salbutamol,2024-06-07,2024-08-17
787,395,R03DC03,montélukast,2023-12-12,2024-09-25
788,1157,R03AC02,salbutamol,2024-10-10,2025-02-18
789,1304,R03BA02,budésonide,2021-05-13,2021-11-30
790,339,R03AC02,salbutamol,2023-03-08,2023-03-29
791,824,R03BA05,fluticasone,2019-07-28,2020-10-24
792,2229,R03DC03,montélukast,2022-07-02,2023-05-24
793,690,R03AC02,salbutamol,2025-08-14,2025-08-25
794,1413,R03BA05,fluticasone,2023-02-04,2024-07-03
795,91,R03AC02,salbutamol,2025-04-03,2025-09-09
796,487,R03AC02,salbutamol,2019-12-24,2020-03-24
797,2045,R03AC02,salbutamol,2024-03-04,2024-05-20
798,1039,R03AC02,salbutamol,2025-03-20,2025-05-10
799,1754,R03AC02,salbutamol,2019-07-06,2019-08-18
800,235,R03BA01,béclométasone,2024-06-14,2025-12-31
801,277,R03AC02,salbutamol,2024-12-25,2025-04-11
802,1811,R03BA05,fluticasone,2024-07-25,2025-06-30
803,1797,R03BA02,budésonide,2021-10-06,2022-06-02
804,1729,R03AC02,salbutamol,2025-02-16,2025-02-27
805,1035,R03AK07,formotérol + budésonide,2023-06-20,2023-12-18
806,1627,R03BA02,budésonide,2024-07-07,2025-10-19
807,421,R03AC02,salbutamol,2024-07-08,2024-09-05
